Chromosome,Start,End,HGNC GeneID ,GeneName,SNP_density,rna_type,Length,Median_CG_Content
chr1,11908154,11908272,HGNC:10215,RNU5E-1,2.739495,snRNA,118,40.0
chr1,44731069,44731168,HGNC:10214,RNU5D-1,2.66,snRNA,99,20.0
chr17,8173452,8173588,HGNC:32952,SNORD118,2.430656,snoRNA,136,40.0
chr19,50133745,50133864,HGNC:34317,SNAR-B2,2.391666,snaR RNA,119,60.0
chr1,16727285,16727355,HGNC:34604,TRG-CCC5-1,2.323943,tRNA,70,60.0
chr14,105858165,105858242,HGNC:41664,MIR4538 ,2.320512,pre_miRNA,77,60.0
chr19,47939541,47939660,HGNC:34322,SNAR-C4,2.316666,snaR RNA,119,60.0
chr1,44721786,44721901,HGNC:10216,RNU5F-1,2.189655,snRNA,115,40.0
chr1,204506527,204506599,HGNC:34684,TRK-TTT3-2,2.09589,tRNA,72,60.0
chr1,16872583,16872654,HGNC:12265,TRE-TTC3-1,2.083333,tRNA,71,60.0
chr1,16545939,16546009,HGNC:38580,TRG1,2.028169,tRNA,70,60.0
chr6,28695932,28696003,HGNC:34963,TRA-CGC5-1-001,1.916666,tRNA,71,60.0
chr1,16678271,16678341,HGNC:35059,tRNA-Gly-CCC-4-1,1.887323,tRNA,70,60.0
chr1,146035692,146035763,HGNC:34952,tRNA-Glu-CTC-1-2,1.875,tRNA,71,60.0
chr6,57800211,57800284,HGNC:35054,tRNA-Ile-AAT-12-1,1.851351,tRNA,73,60.0
chr1,161523847,161523917,HGNC:34948,tRNA-Gly-GCC-2-4,1.84507,tRNA,70,60.0
chr11,76235513,76235584,HGNC:34578,tRNA-Pro-AGG-2-4,1.805555,tRNA,71,60.0
chr1,121016845,121016915,HGNC:35073,TRG-CCC6-1,1.802816,tRNA,70,60.0
chr12,124939966,124940037,HGNC:34907,TRA-TGC4-1,1.75,tRNA,71,60.0
chr16,3191989,3192060,HGNC:34579,TRP-AGG1-1,1.708333,tRNA,71,60.0
chr16,3157405,3157477,HGNC:34681,TRK-CTT3-1,1.69863,tRNA,72,60.0
chr1,16535279,16535350,HGNC:38581,tRNA-Glu-TTC-4-1,1.694444,tRNA,71,60.0
chr6,27618356,27618429,HGNC:34866,tRNA-Thr-CGT-5-1,1.689189,tRNA,73,60.0
chr19,4724070,4724141,HGNC:12274,TRG-TCC1-1,1.680555,tRNA,71,60.0
chr8,33513475,33513578,HGNC:32711,SNORD13,1.673076,snoRNA,103,60.0
chr19,4724635,4724707,HGNC:34985,tRNA-Val-CAC-3-1,1.616438,tRNA,72,60.0
chr14,20631160,20631232,HGNC:34988,tRNA-Thr-TGT-4-1,1.616438,tRNA,72,60.0
chr11,59550629,59550701,HGNC:34544,TRV-TAC1-1,1.616438,tRNA,72,60.0
chr19,47923779,47923899,HGNC:34306,SNAR-A1,1.603305,snaR RNA,120,80.0
chr13,62328756,62328835,HGNC:42808,LINC00459,1.6,lncRNA,79,40.0
chr14,20633006,20633077,HGNC:34852,tRNA-Pro-TGG-1-1,1.583333,tRNA,71,60.0
chr14,105917979,105918817,HGNC:19955,FAM30A,1.572109,lncRNA,838,60.0
chr6,27547752,27547823,HGNC:34831,tRNA-Gln-CTG-2-1,1.569444,tRNA,71,60.0
chr16,3152900,3152972,HGNC:34730,tRNA-Arg-CCT-3-1,1.561643,tRNA,72,60.0
chr5,181188416,181188488,HGNC:34543,TRV,1.561643,tRNA,72,60.0
chr12,124927843,124927915,HGNC:34699,TRF-GAA1-4,1.547945,tRNA,72,60.0
chr6,27777885,27777956,HGNC:12322,tRNA-iMet-CAT-2-1,1.541666,tRNA,71,60.0
chr19,47950296,47950414,HGNC:34321,SNAR-C3,1.537815,snaR RNA,118,60.0
chr6,26571864,26571936,HGNC:33253,TRA-AGC11-1,1.534246,tRNA,72,60.0
chr14,20625370,20625451,HGNC:34713,TRL-TAG2-1,1.52439,tRNA,81,60.0
chr16,87384022,87384094,HGNC:34789,tRNA-Met-CAT-6-1,1.520547,tRNA,72,60.0
chr6,28944575,28944647,HGNC:34779,TRM-CAT3-2,1.506849,tRNA,72,60.0
chr16,57299951,57300033,HGNC:34692,tRNA-Leu-CAG-2-2,1.506024,tRNA,82,60.0
chr6,28795964,28796035,HGNC:34914,TRA-AGC1-1,1.472222,tRNA,71,60.0
chr17,8221548,8221619,HGNC:34769,tRNA-Gly-TCC-3-1,1.458333,tRNA,71,60.0
chr16,3180554,3180626,HGNC:34772,tRNA-Lys-CTT-5-1,1.452054,tRNA,72,60.0
chr6,27688188,27688261,HGNC:34630,tRNA-Ile-AAT-2-1,1.445945,tRNA,73,60.0
chr6,28729315,28729386,HGNC:34592,TRA-CGC4-1,1.444444,tRNA,71,60.0
chr6,27591814,27591886,HGNC:34612,TRK-TTT4-1,1.438356,tRNA,72,60.0
chr19,49031669,49031787,HGNC:34328,SNAR-G2,1.436974,snaR RNA,118,60.0
chr1,161540241,161540314,HGNC:34688,tRNA-Asn-GTT-1-1,1.432432,tRNA,73,60.0
chr13,44917927,44917998,HGNC:34589,TRE-TTC2-1,1.430555,tRNA,71,60.0
chr16,22195711,22195792,HGNC:34591,tRNA-Leu-TAG-3-1,1.402439,tRNA,81,60.0
chr1,145157157,145157229,HGNC:35050,Val-tRNA,1.39726,tRNA,72,40.0
chr1,150045406,150045476,HGNC:34678,TRA-AGC20-1,1.394366,tRNA,70,60.0
chr5,181188854,181188925,HGNC:12332,tRNA-Pro-TGG-3-3,1.388888,tRNA,71,60.0
chr6,26328140,26328212,HGNC:34964,tRNA-Arg-ACG-1-2,1.383561,tRNA,72,60.0
chr16,71426493,71426565,HGNC:34697,TRM-CAT2-1,1.383561,tRNA,72,60.0
chr6,27303789,27303860,HGNC:34821,tRNA-Thr-CGT-6-1,1.361111,tRNA,71,60.0
chr6,28710589,28710660,HGNC:34606,TRA-AGC5-1,1.361111,tRNA,71,60.0
chr6,27280270,27280342,HGNC:34931,tRNA-Val-CAC-2-1,1.356164,tRNA,72,60.0
chr14,58239895,58239967,HGNC:34668,tRNA-Lys-CTT-1-2,1.356164,tRNA,72,60.0
chr17,8226991,8227064,HGNC:34961,TRI-AAT4-1,1.351351,tRNA,73,60.0
chr16,73478317,73478389,HGNC:34687,tRNA-Lys-TTT-1-1,1.342465,tRNA,72,60.0
chr6,28658237,28658308,HGNC:34605,TRA-AGC4-1,1.333333,tRNA,71,60.0
chr1,146039401,146039473,HGNC:34761,tRNA-Lys-CTT-2-1,1.328767,tRNA,72,60.0
chr6,26554122,26554195,HGNC:34715,TRI-AAT5-1,1.324324,tRNA,73,60.0
chr6,28474552,28474625,HGNC:34912,tRNA-Thr-TGT-1-1,1.324324,tRNA,73,40.0
chr12,98503503,98503574,HGNC:34770,tRNA-Asp-GTC-1-1,1.305555,tRNA,71,60.0
chr6,27334990,27335062,HGNC:34745,tRNA-Lys-TTT-6-1,1.301369,tRNA,72,60.0
chr11,59566380,59566452,HGNC:33255,TRF-GAA2-1,1.301369,tRNA,72,40.0
chr11,76235825,76235896,HGNC:34787,TRP-TGG2-1,1.291666,tRNA,71,60.0
chr14,20681690,20681762,HGNC:34826,TRT-TGT5-1,1.287671,tRNA,72,60.0
chr15,89335073,89335145,HGNC:34827,TRR-TCG1-1,1.273972,tRNA,72,60.0
chr9,134849487,134849564,HGNC:38904,MIR3689A,1.26923,pre_miRNA,77,60.0
chr2,156400769,156400840,HGNC:34580,tRNA-Ala-CGC-3-1,1.263888,tRNA,71,60.0
chr1,161612718,161612789,HGNC:34590,TRE-TTC5-1,1.263888,tRNA,71,60.0
chr6,27235509,27235581,HGNC:34573,TRV-AAC5-1,1.260273,tRNA,72,60.0
chr3,45688999,45689071,HGNC:34664,TRR-ACG2-3,1.260273,tRNA,72,60.0
chr17,8187160,8187233,HGNC:34750,TRT-AGT1-2,1.256756,tRNA,73,60.0
chr6,27230555,27230637,HGNC:34626,TRL-TAA4-1,1.228915,tRNA,82,60.0
chr5,181206868,181206939,HGNC:34846,tRNA-Ala-TGC-3-1,1.222222,tRNA,71,60.0
chr10,46597834,46598803,HGNC:56167,SYT15-AS1,1.21134,lncRNA,969,60.0
chr17,75035113,75035185,HGNC:34939,TRR-TCG3-1,1.205479,tRNA,72,60.0
chr6,26327589,26327670,HGNC:34950,TRS-AGA2-6,1.195121,tRNA,81,60.0
chr6,27545689,27545770,HGNC:16292,tRNA-Ser-TGA-2-1,1.195121,tRNA,81,60.0
chr20,62550452,62551038,HGNC:16159,lnc-SLCO4A1-8,1.192504,lncRNA,586,70.0
chr6,57822973,57823046,HGNC:34812,tRNA-Ile-AAT-1-1,1.189189,tRNA,73,60.0
chr6,26311196,26311267,HGNC:34888,tRNA-Gln-TTG-3-1,1.180555,tRNA,71,60.0
chr6,27791356,27791427,HGNC:34777,TRQ-CTG6-1,1.180555,tRNA,71,60.0
chr6,28747744,28747816,HGNC:34900,TRK-TTT7-1,1.178082,tRNA,72,50.0
chr1,222465005,222465077,HGNC:34946,TRT-TGT2-1,1.178082,tRNA,72,60.0
chr1,143803994,143804066,HGNC:34791,TRV-CAC1-5,1.164383,tRNA,72,60.0
chr6,26553503,26553574,HGNC:34875,tRNA-Ala-CGC-1-1,1.152777,tRNA,71,60.0
chr1,153671250,153671321,HGNC:34574,TRX-CAT1-5,1.152777,tRNA,71,60.0
chr1,121020729,121020801,HGNC:34941,tRNA-Val-CAC-1-3,1.150684,tRNA,72,50.0
chr19,49037020,49037147,HGNC:34327,SNAR-G1,1.140625,snaR RNA,127,60.0
chr6,26299677,26299749,HGNC:12345,tRNA-Arg-TCG-4-1,1.136986,tRNA,72,60.0
chr7,149415138,149415209,HGNC:34566,TRC-GCA11-1,1.125,tRNA,71,60.0
chr1,161440825,161440896,HGNC:34981,TRD-GTC2-8,1.125,tRNA,71,60.0
chr14,88979098,88979170,HGNC:34679,TRA-AGC15-1,1.123287,tRNA,72,60.0
chr6,27297996,27298077,HGNC:34559,tRNA-Ser-GCT-2-1,1.121951,tRNA,81,60.0
chr6,27505828,27505909,HGNC:16294,tRNA-Ser,1.121951,tRNA,81,60.0
chr15,67839939,67840045,HGNC:34270,RNU6-9,1.121495,snRNA,106,60.0
chr17,38869292,38869363,HGNC:34650,TRC-GCA4-1,1.111111,tRNA,71,60.0
chr5,181187701,181187782,HGNC:34895,TRL-AAG2-4,1.109756,tRNA,81,60.0
chr1,144567515,144567588,HGNC:12324,TRN-GTT2-4,1.108108,tRNA,73,60.0
chr6,28673836,28673907,HGNC:34969,TRA-CGC2-1,1.097222,tRNA,71,60.0
chr15,90954335,90954493,HGNC:54811,RCCD1-AS1,1.056603,lncRNA,158,40.0
chr16,636736,636806,HGNC:34794,TRG-CCC2-1,1.056338,tRNA,70,60.0
chr6,28589379,28589450,HGNC:34700,TRQ-TTG2-1,1.055555,tRNA,71,60.0
chr6,27650928,27651000,HGNC:33247,tRNA-Val-AAC-3-1,1.054794,tRNA,72,40.0
chr6,28643445,28643516,HGNC:34676,tRNA-Ala-TGC-2-1,1.041666,tRNA,71,60.0
chr1,16889677,16889750,HGNC:33197,tRNA-Asn-GTT-4-1,1.04054,tRNA,73,60.0
chr6,27209849,27209930,HGNC:34600,tRNA-Ser-CGA-2-1,1.036585,tRNA,81,60.0
chr1,144419267,144419340,HGNC:34890,tRNA-Asn-GTT-3-2,1.027027,tRNA,73,60.0
chr21,42614853,42616297,HGNC:52459,LINC01671,1.026297,lncRNA,1444,60.0
chr19,50604963,50605085,HGNC:34326,SNAR-F,1.02439,snaR RNA,122,60.0
chr7,155367809,155367933,HGNC:20484,BLACE,1.024,lncRNA,124,80.0
chr11,59556429,59556501,HGNC:34801,tRNA-Lys-TTT-5-1,1.013698,tRNA,72,60.0
chr17,75034431,75034503,HGNC:34744,tRNA-Arg-CCT-2-1,1.013698,tRNA,72,60.0
chr6,26312596,26312677,HGNC:34999,TRS-AGA2-6,1.012195,tRNA,81,60.0
chr21,31539256,31539870,,Random1,,,614,60.0
chr8,105269259,105270422,,Random2,,,1163,20.0
chr11,75237233,75237997,,Random3,,,764,60.0
chr6,34586149,34587591,,Random4,,,1442,60.0
chr18,31743185,31743790,,Random5,,,605,40.0
chr1,23399903,23400241,,Random6,,,338,40.0
chr21,32480066,32480619,,Random7,,,553,40.0
chr18,46428415,46428965,,Random8,,,550,40.0
chrX,34921899,34923193,,Random9,,,1294,40.0
chr8,58413972,58415080,,Random10,,,1108,20.0
chr8,139934452,139935737,,Random11,,,1285,40.0
chr22,20208697,20209743,,Random12,,,1046,60.0
chr20,33798827,33799723,,Random13,,,896,40.0
chr12,31673651,31674681,,Random14,,,1030,40.0
chr15,30772411,30773358,,Random15,,,947,40.0
chr7,338922,340119,,Random16,,,1197,60.0
chr18,16073545,16074764,,Random17,,,1219,40.0
chr1,138596031,138596966,,Random18,,,935,
chr9,58446879,58447599,,Random19,,,720,
chr19,16680969,16681332,,Random20,,,363,40.0
chr4,81781932,81782210,,Random21,,,278,40.0
chr5,108442350,108443641,,Random22,,,1291,40.0
chr3,172602607,172603410,,Random23,,,803,40.0
chr19,36014935,36015832,,Random24,,,897,60.0
chr13,43613017,43613373,,Random25,,,356,20.0
chr12,25856620,25857779,,Random26,,,1159,40.0
chr17,72703587,72704211,,Random27,,,624,40.0
chr10,79183165,79184063,,Random28,,,898,60.0
chr4,93906341,93906698,,Random29,,,357,20.0
chr16,30121893,30122865,,Random30,,,972,60.0
chr15,11512285,11512995,,Random31,,,710,
chr8,130763561,130764580,,Random32,,,1019,40.0
chr5,105023648,105024875,,Random33,,,1227,40.0
chr15,87701443,87702148,,Random34,,,705,40.0
chr5,80664703,80665323,,Random35,,,620,40.0
chr5,55824748,55826174,,Random36,,,1426,40.0
chr3,162575897,162576285,,Random37,,,388,60.0
chr4,123365868,123366581,,Random38,,,713,40.0
chr5,10506391,10507720,,Random39,,,1329,40.0
chr20,62728789,62729769,,Random40,,,980,60.0
chr6,85418466,85419110,,Random41,,,644,40.0
chr19,19333642,19333722,,Random42,,,80,60.0
chrX,131582775,131583830,,Random43,,,1055,40.0
chr14,106946622,106946970,,Random44,,,348,
chr4,135917411,135918281,,Random45,,,870,40.0
chr4,128671893,128672582,,Random46,,,689,40.0
chr18,11192656,11193678,,Random47,,,1022,40.0
chr18,13501243,13502415,,Random48,,,1172,40.0
chr12,120971030,120971702,,Random49,,,672,40.0
chr18,31180296,31180671,,Random50,,,375,40.0
chr15,67475062,67476312,,Random51,,,1250,40.0
chr16,22197027,22198016,,Random52,,,989,40.0
chr20,15860391,15861008,,Random53,,,617,40.0
chr20,20419334,20419924,,Random54,,,590,40.0
chr17,10231494,10231623,,Random55,,,129,40.0
chr3,20139970,20141308,,Random56,,,1338,40.0
chr17,24340783,24341045,,Random57,,,262,40.0
chr5,16412735,16412821,,Random58,,,86,40.0
chr11,16322782,16322995,,Random59,,,213,20.0
chr17,32607602,32608002,,Random60,,,400,40.0
chr13,85568011,85569286,,Random61,,,1275,40.0
chr15,66677214,66678393,,Random62,,,1179,60.0
chr18,49513627,49514918,,Random63,,,1291,60.0
chr5,97575288,97576696,,Random64,,,1408,40.0
chr22,20768364,20768623,,Random65,,,259,20.0
chr16,13397909,13398095,,Random66,,,186,60.0
chrX,19780700,19780856,,Random67,,,156,40.0
chr8,71750959,71751708,,Random68,,,749,40.0
chr1,96985338,96986745,,Random69,,,1407,40.0
chr16,38111653,38112836,,Random70,,,1183,40.0
chr15,65091374,65092757,,Random71,,,1383,40.0
chr18,166180,166870,,Random72,,,690,40.0
chr4,45758985,45759963,,Random73,,,978,20.0
chr4,84157350,84157920,,Random74,,,570,40.0
chr13,59756059,59756723,,Random75,,,664,40.0
chr2,87447176,87448200,,Random76,,,1024,40.0
chr5,50694821,50695318,,Random77,,,497,40.0
chr18,21564481,21564952,,Random78,,,471,60.0
chr14,34855395,34856741,,Random79,,,1346,40.0
chr14,51069437,51069546,,Random80,,,109,40.0
chr6,153565271,153566679,,Random81,,,1408,40.0
chr21,28654026,28654668,,Random82,,,642,40.0
chr10,66894537,66895797,,Random83,,,1260,40.0
chrY,5679235,5679857,,Random84,,,622,40.0
chr19,20265710,20266408,,Random85,,,698,60.0
chr1,168599315,168600238,,Random86,,,923,40.0
chr17,26204728,26205917,,Random87,,,1189,40.0
chr10,21071021,21071443,,Random88,,,422,40.0
chrY,595096,595249,,Random89,,,153,60.0
chr15,57438253,57439206,,Random90,,,953,60.0
chr7,137998787,138000196,,Random91,,,1409,40.0
chrX,13869499,13870302,,Random92,,,803,40.0
chr2,219234950,219235460,,Random93,,,510,60.0
chr12,41784287,41784643,,Random94,,,356,40.0
chr3,117641861,117642530,,Random95,,,669,40.0
chr5,22037793,22038201,,Random96,,,408,60.0
chr22,48618321,48618735,,Random97,,,414,60.0
chr3,146145227,146146101,,Random98,,,874,20.0
chr13,52092491,52093027,,Random99,,,536,40.0
chr3,147842562,147842884,,Random100,,,322,20.0
chr13,77629653,77630765,,Random101,,,1112,40.0
chr1,193559933,193560734,,Random102,,,801,40.0
chr14,89447027,89448018,,Random103,,,991,40.0
chr21,26936241,26936534,,Random104,,,293,40.0
chr11,92148239,92148922,,Random105,,,683,40.0
chr14,91854348,91855198,,Random106,,,850,40.0
chr1,158248829,158249102,,Random107,,,273,40.0
chr22,6378396,6379648,,Random108,,,1252,
chr10,63567476,63568113,,Random109,,,637,20.0
chr8,5050335,5051444,,Random110,,,1109,40.0
chr13,16311204,16312409,,Random111,,,1205,40.0
chr1,116989230,116989483,,Random112,,,253,60.0
chr16,50312609,50313273,,Random113,,,664,60.0
chr14,1945102,1945958,,Random114,,,856,
chr2,34931703,34932618,,Random115,,,915,40.0
chr18,1536888,1537117,,Random116,,,229,60.0
chr17,12825931,12826563,,Random117,,,632,40.0
chr15,64119265,64120570,,Random118,,,1305,40.0
chrY,13748787,13750103,,Random119,,,1316,40.0
chr5,143810930,143811421,,Random120,,,491,40.0
chr20,14375916,14376643,,Random121,,,727,40.0
chr9,15327119,15328463,,Random122,,,1344,40.0
chr16,90336912,90337622,,Random123,,,710,
chr17,11837259,11837849,,Random124,,,590,40.0
chr1,18336519,18337766,,Random125,,,1247,40.0
chr1,78932280,78932485,,Random126,,,205,40.0
chr8,2466307,2467422,,Random127,,,1115,60.0
chrX,65243324,65244606,,Random128,,,1282,40.0
chr17,81351563,81352819,,Random129,,,1256,60.0
chr21,43040576,43041592,,Random130,,,1016,60.0
chr1,70419167,70420497,,Random131,,,1330,40.0
chr5,45695006,45695192,,Random132,,,186,60.0
chr6,10443534,10443969,,Random133,,,435,40.0
chr2,184848543,184848670,,Random134,,,127,40.0
chrY,46908228,46908558,,Random135,,,330,
chr21,17469142,17470202,,Random136,,,1060,40.0
chr13,11378543,11379495,,Random137,,,952,
chr13,3718097,3718371,,Random138,,,274,
chr11,62156936,62157638,,Random139,,,702,40.0
chr2,46438046,46438576,,Random140,,,530,40.0
chr6,75781880,75782041,,Random141,,,161,40.0
chr1,35406003,35406222,,Random142,,,219,40.0
chr2,99175223,99175768,,Random143,,,545,40.0
chr16,31653459,31654221,,Random144,,,762,40.0
chr5,46504214,46504916,,Random145,,,702,40.0
chr10,60576154,60577329,,Random146,,,1175,40.0
chr9,31971890,31972639,,Random147,,,749,40.0
chr12,33630516,33631932,,Random148,,,1416,20.0
chr2,22751157,22751770,,Random149,,,613,40.0
chr22,16384773,16386093,,Random150,,,1320,40.0
chr22,47447269,47447989,,Random151,,,720,60.0
chr18,57777597,57778408,,Random152,,,811,40.0
chr9,90956087,90957468,,Random153,,,1381,40.0
chrY,41691995,41692911,,Random154,,,916,
chr9,103773217,103773526,,Random155,,,309,20.0
chr22,29896354,29896561,,Random156,,,207,40.0
chr1,91855174,91855871,,Random157,,,697,40.0
chr11,17823577,17823770,,Random158,,,193,60.0
chr20,16834381,16834552,,Random159,,,171,40.0
chr8,55889393,55890043,,Random160,,,650,60.0
chr15,22318056,22318239,,Random161,,,183,
chr5,108378530,108379882,,Random162,,,1352,40.0
chr8,62138709,62139090,,Random163,,,381,40.0
chr15,14417950,14419220,,Random164,,,1270,
chr21,28450521,28451357,,Random165,,,836,40.0
chr4,79525633,79526190,,Random166,,,557,40.0
chr19,8378976,8379927,,Random167,,,951,40.0
chr5,45934438,45935822,,Random168,,,1384,40.0
chr12,123720654,123721936,,Random169,,,1282,40.0
chr10,9547471,9548511,,Random170,,,1040,40.0
chr9,137884843,137885411,,Random171,,,568,60.0
chr8,125192610,125192788,,Random172,,,178,20.0
chr7,27269532,27270429,,Random173,,,897,40.0
chr13,67543542,67544027,,Random174,,,485,40.0
chr11,46765853,46767122,,Random175,,,1269,40.0
chrY,8733226,8733487,,Random176,,,261,40.0
chr2,26781261,26782277,,Random177,,,1016,60.0
chr5,143196509,143197630,,Random178,,,1121,40.0
chrY,39196497,39197613,,Random179,,,1116,
chr14,97498748,97499511,,Random180,,,763,40.0
chr8,11469551,11470777,,Random181,,,1226,60.0
chr14,32823828,32824489,,Random182,,,661,40.0
chr1,8197096,8198276,,Random183,,,1180,60.0
chr3,148661278,148661860,,Random184,,,582,40.0
chrX,56915800,56917235,,Random185,,,1435,40.0
chr8,118652072,118652351,,Random186,,,279,40.0
chr22,13217375,13217485,,Random187,,,110,40.0
chr1,156961347,156962408,,Random188,,,1061,40.0
chr12,30169020,30170108,,Random189,,,1088,60.0
chr7,142362390,142363176,,Random190,,,786,40.0
chr3,178530702,178531732,,Random191,,,1030,40.0
chr18,23598187,23599336,,Random192,,,1149,40.0
chr7,38815221,38816236,,Random193,,,1015,40.0
chr11,27093263,27094462,,Random194,,,1199,40.0
chrY,13193101,13193982,,Random195,,,881,40.0
chr18,74460671,74461615,,Random196,,,944,60.0
chr6,41526612,41527636,,Random197,,,1024,40.0
chr22,5622754,5623491,,Random198,,,737,
chr21,40716436,40717258,,Random199,,,822,40.0
chrY,37556800,37557385,,Random200,,,585,
chr2,176756065,176757147,,Random201,,,1082,40.0
chr21,10086907,10087375,,Random202,,,468,20.0
chr9,42451283,42451736,,Random203,,,453,40.0
chr8,124918828,124919579,,Random204,,,751,40.0
chr7,117338446,117338846,,Random205,,,400,40.0
chr16,17970402,17971532,,Random206,,,1130,40.0
chr6,24445220,24445981,,Random207,,,761,60.0
chr22,18514909,18516312,,Random208,,,1403,60.0
chr6,110318414,110319676,,Random209,,,1262,40.0
chr13,71749969,71750450,,Random210,,,481,40.0
chr15,10900259,10900757,,Random211,,,498,
chr16,79042296,79043396,,Random212,,,1100,40.0
chr9,81491498,81492627,,Random213,,,1129,40.0
chr17,69200294,69201003,,Random214,,,709,40.0
chr19,122985,124112,,Random215,,,1127,40.0
chr19,10643522,10643708,,Random216,,,186,60.0
chr4,41079152,41079622,,Random217,,,470,40.0
chr10,92823012,92823443,,Random218,,,431,40.0
chr20,12232268,12232820,,Random219,,,552,40.0
chr7,125012458,125012662,,Random220,,,204,20.0
chr21,39335621,39336452,,Random221,,,831,40.0
chr9,1548996,1550223,,Random222,,,1227,40.0
chr20,63781996,63782414,,Random223,,,418,60.0
chr1,57958542,57959840,,Random224,,,1298,40.0
chr6,101360174,101360803,,Random225,,,629,40.0
chr15,57945974,57946734,,Random226,,,760,40.0
chr2,187748433,187749786,,Random227,,,1353,40.0
chr4,130980412,130981645,,Random228,,,1233,20.0
chrX,16088896,16090138,,Random229,,,1242,40.0
chr20,60530040,60530398,,Random230,,,358,60.0
chr9,125411964,125412833,,Random231,,,869,60.0
chr4,182467204,182467938,,Random232,,,734,40.0
chr13,103947392,103948525,,Random233,,,1133,40.0
chr8,65857901,65858182,,Random234,,,281,40.0
chr17,48478017,48479268,,Random235,,,1251,40.0
chr7,23546191,23546539,,Random236,,,348,40.0
chr15,14462708,14463702,,Random237,,,994,
chr5,33485938,33487306,,Random238,,,1368,40.0
chr8,6990674,6991504,,Random239,,,830,60.0
chr21,6361064,6361644,,Random240,,,580,40.0
chrX,74585634,74586669,,Random241,,,1035,40.0
chr21,35756507,35757386,,Random242,,,879,40.0
chrX,120389749,120390811,,Random243,,,1062,40.0
chr2,97612314,97612416,,Random244,,,102,60.0
chrX,14421697,14421957,,Random245,,,260,40.0
chr1,225449620,225450222,,Random246,,,602,60.0
chr7,114578379,114579188,,Random247,,,809,20.0
chrY,9198792,9199453,,Random248,,,661,20.0
chr20,50857476,50858032,,Random249,,,556,60.0
chr21,10901959,10902950,,Random250,,,991,40.0
chr14,102358415,102359061,,Random251,,,646,40.0
chrX,15273876,15274979,,Random252,,,1103,40.0
chr12,96740,97885,,Random253,,,1145,40.0
chr5,157955627,157956775,,Random254,,,1148,40.0
chr2,183554687,183555830,,Random255,,,1143,40.0
chrX,92588801,92589894,,Random256,,,1093,20.0
chr9,45294146,45295088,,Random257,,,942,40.0
chr3,18822006,18823026,,Random258,,,1020,40.0
chr13,70463457,70463602,,Random259,,,145,40.0
chr11,108533280,108533353,,Random260,,,73,60.0
chr20,27943880,27944511,,Random261,,,631,40.0
chr19,13969495,13970852,,Random262,,,1357,60.0
chr10,34969281,34970055,,Random263,,,774,60.0
chrX,79686544,79687048,,Random264,,,504,40.0
chr20,38555233,38555860,,Random265,,,627,40.0
chr16,40934259,40935593,,Random266,,,1334,
chrY,16105697,16106022,,Random267,,,325,40.0
chr2,141887452,141887540,,Random268,,,88,40.0
chr3,85308017,85309289,,Random269,,,1272,40.0
chr1,87580210,87580540,,Random270,,,330,40.0
chr10,28552924,28553590,,Random271,,,666,20.0
chr18,28770666,28771213,,Random272,,,547,40.0
chr10,20142266,20143668,,Random273,,,1402,40.0
chr22,49527744,49528961,,Random274,,,1217,60.0
chr15,37810169,37811135,,Random275,,,966,40.0
chr3,158139621,158140987,,Random276,,,1366,40.0
chrY,47493838,47494865,,Random277,,,1027,
chr3,164547927,164549212,,Random278,,,1285,40.0
chr12,46043332,46043557,,Random279,,,225,20.0
chr18,37534165,37534565,,Random280,,,400,60.0
chr20,40605599,40606940,,Random281,,,1341,40.0
chr12,86031817,86032514,,Random282,,,697,40.0
chr4,146193901,146195249,,Random283,,,1348,40.0
chr19,14059538,14060799,,Random284,,,1261,40.0
chr16,37575772,37576185,,Random285,,,413,40.0
chr22,34235702,34236948,,Random286,,,1246,40.0
chr1,233431085,233432068,,Random287,,,983,40.0
chrX,95420851,95421330,,Random288,,,479,40.0
chr21,34384063,34384951,,Random289,,,888,40.0
chr14,60258101,60259540,,Random290,,,1439,40.0
chr6,56349114,56350236,,Random291,,,1122,40.0
chr2,38217848,38219162,,Random292,,,1314,40.0
chr6,125333151,125333981,,Random293,,,830,40.0
chr5,75516913,75518069,,Random294,,,1156,40.0
chr17,48442618,48444051,,Random295,,,1433,40.0
chr6,140416800,140418219,,Random296,,,1419,40.0
chr3,182407389,182408695,,Random297,,,1306,40.0
chr21,1765234,1765975,,Random298,,,741,
chr3,66916906,66917564,,Random299,,,658,40.0
chr3,127239329,127240720,,Random300,,,1391,40.0
chr20,211580,212938,,Random301,,,1358,40.0
chr10,67180651,67180791,,Random302,,,140,40.0
chr22,7447170,7447833,,Random303,,,663,
chr5,123833260,123833422,,Random304,,,162,60.0
chr6,23032460,23032978,,Random305,,,518,40.0
chr9,131810369,131811766,,Random306,,,1397,60.0
chr5,107484822,107486168,,Random307,,,1346,40.0
chr1,53380676,53381636,,Random308,,,960,40.0
chr22,49819327,49820345,,Random309,,,1018,60.0
chr17,60306165,60306892,,Random310,,,727,40.0
chr20,41423327,41424052,,Random311,,,725,40.0
chr7,108950299,108950509,,Random312,,,210,60.0
chr8,42989602,42990825,,Random313,,,1223,40.0
chr19,5419927,5420144,,Random314,,,217,60.0
chr4,158692632,158693245,,Random315,,,613,40.0
chr1,113795966,113797334,,Random316,,,1368,40.0
chr14,13336736,13337663,,Random317,,,927,
chr8,11642487,11643328,,Random318,,,841,60.0
chr5,24462924,24463038,,Random319,,,114,40.0
chr12,118148876,118149963,,Random320,,,1087,40.0
chr5,2203003,2203121,,Random321,,,118,40.0
chrY,12295839,12296256,,Random322,,,417,40.0
chr18,64419189,64420015,,Random323,,,826,40.0
chr2,62341913,62342964,,Random324,,,1051,40.0
chr13,87408111,87409530,,Random325,,,1419,20.0
chr5,167791448,167792711,,Random326,,,1263,40.0
chr6,62172387,62172579,,Random327,,,192,40.0
chr1,62924486,62924640,,Random328,,,154,40.0
chr22,28291362,28291818,,Random329,,,456,20.0
chr1,45655412,45655829,,Random330,,,417,40.0
chr7,22205154,22205655,,Random331,,,501,40.0
chr12,104511097,104511241,,Random332,,,144,40.0
chr13,106778148,106778942,,Random333,,,794,40.0
chr8,35473017,35474081,,Random334,,,1064,40.0
chr6,104367318,104368262,,Random335,,,944,40.0
chr15,58551840,58552904,,Random336,,,1064,60.0
chr1,91770623,91770916,,Random337,,,293,40.0
chr11,13201684,13201988,,Random338,,,304,20.0
chr20,7740926,7741886,,Random339,,,960,40.0
chr16,19481138,19481237,,Random340,,,99,20.0
chr20,45469641,45470763,,Random341,,,1122,60.0
chr20,45099609,45100512,,Random342,,,903,40.0
chr21,8259642,8260059,,Random343,,,417,60.0
chr7,108771856,108773125,,Random344,,,1269,40.0
chr6,155936594,155936690,,Random345,,,96,40.0
chr8,13519063,13519826,,Random346,,,763,40.0
chr6,34813494,34814070,,Random347,,,576,40.0
chr22,50710689,50711042,,Random348,,,353,60.0
chr15,74098751,74100147,,Random349,,,1396,60.0
chr6,44890088,44890575,,Random350,,,487,40.0
chr10,113912812,113913336,,Random351,,,524,40.0
chr20,26738365,26739540,,Random352,,,1175,40.0
chrX,6130181,6131273,,Random353,,,1092,40.0
chr8,128201674,128202410,,Random354,,,736,40.0
chr1,37122997,37123887,,Random355,,,890,60.0
chr12,115719688,115720192,,Random356,,,504,40.0
chr17,55865188,55866060,,Random357,,,872,40.0
chr1,217639323,217640317,,Random358,,,994,20.0
chr13,62858593,62859502,,Random359,,,909,40.0
chr11,120246215,120246767,,Random360,,,552,40.0
chrY,17474740,17474929,,Random361,,,189,40.0
chr17,5568634,5569327,,Random362,,,693,40.0
chr18,33803559,33804745,,Random363,,,1186,40.0
chr6,81023018,81023294,,Random364,,,276,20.0
chr11,122866392,122867285,,Random365,,,893,40.0
chrY,49973931,49975020,,Random366,,,1089,
chr3,120337142,120338447,,Random367,,,1305,40.0
chr13,109464572,109465129,,Random368,,,557,40.0
chr12,96761890,96763038,,Random369,,,1148,40.0
chr16,49319050,49320199,,Random370,,,1149,20.0
chr5,33470800,33471218,,Random371,,,418,40.0
chrX,73229877,73230085,,Random372,,,208,60.0
chrY,56617177,56618528,,Random373,,,1351,
chr13,21826645,21828066,,Random374,,,1421,40.0
chr7,31993287,31993742,,Random375,,,455,40.0
chr19,32225979,32226460,,Random376,,,481,40.0
chr7,158078969,158079659,,Random377,,,690,40.0
chr6,143648930,143649716,,Random378,,,786,40.0
chr3,120733965,120734567,,Random379,,,602,40.0
chr7,97790930,97792250,,Random380,,,1320,40.0
chr3,165836492,165837504,,Random381,,,1012,40.0
chr1,83848928,83849778,,Random382,,,850,40.0
chr11,46729698,46730992,,Random383,,,1294,60.0
chr3,81654041,81654538,,Random384,,,497,20.0
chr18,36100318,36101645,,Random385,,,1327,40.0
chr3,144311463,144312613,,Random386,,,1150,40.0
chr13,58247218,58247795,,Random387,,,577,20.0
chr17,307551,308096,,Random388,,,545,60.0
chr10,42183720,42184508,,Random389,,,788,40.0
chr17,21305226,21306345,,Random390,,,1119,60.0
chrY,35254676,35255867,,Random391,,,1191,
chrY,10898233,10898384,,Random392,,,151,40.0
chr2,61950269,61951092,,Random393,,,823,40.0
chrX,51611645,51612077,,Random394,,,432,40.0
chr14,27895700,27896227,,Random395,,,527,40.0
chrY,7787114,7787666,,Random396,,,552,40.0
chr3,60070939,60071896,,Random397,,,957,40.0
chr16,47028202,47029280,,Random398,,,1078,40.0
chr5,176017355,176017432,,Random399,,,77,40.0
chr8,117099888,117100750,,Random400,,,862,40.0
chr4,24706759,24707363,,Random401,,,604,40.0
chr15,72712250,72712689,,Random402,,,439,40.0
chr10,27264718,27265174,,Random403,,,456,40.0
chr10,117950349,117951330,,Random404,,,981,60.0
chr9,43971999,43973110,,Random405,,,1111,40.0
chr18,54958917,54959457,,Random406,,,540,60.0
chrY,33626966,33627098,,Random407,,,132,
chr9,52046153,52047039,,Random408,,,886,
chr8,76309536,76310710,,Random409,,,1174,40.0
chr7,54590840,54591514,,Random410,,,674,40.0
chrY,11241706,11242648,,Random411,,,942,40.0
chr7,156162436,156163271,,Random412,,,835,40.0
chr16,71994786,71995597,,Random413,,,811,40.0
chr2,114477905,114479204,,Random414,,,1299,20.0
chr4,9935781,9935998,,Random415,,,217,40.0
chr7,84814178,84815517,,Random416,,,1339,20.0
chr2,25089697,25090054,,Random417,,,357,60.0
chr6,146832224,146832669,,Random418,,,445,40.0
chr10,101065870,101066170,,Random419,,,300,50.0
chr19,17522426,17523453,,Random420,,,1027,60.0
chr6,169390959,169391885,,Random421,,,926,40.0
chr8,31200686,31201741,,Random422,,,1055,40.0
chr20,45632649,45633442,,Random423,,,793,40.0
chrY,49753333,49754350,,Random424,,,1017,
chr22,42022013,42022671,,Random425,,,658,40.0
chr16,47007459,47007816,,Random426,,,357,40.0
chr17,66432835,66433471,,Random427,,,636,40.0
chr14,42253575,42254425,,Random428,,,850,40.0
chr3,73225284,73226415,,Random429,,,1131,40.0
chr1,195515332,195516759,,Random430,,,1427,20.0
chr22,15046366,15047353,,Random431,,,987,40.0
chr17,74077712,74078753,,Random432,,,1041,60.0
chr2,63327247,63328682,,Random433,,,1435,40.0
chr4,24685783,24686041,,Random434,,,258,40.0
chr20,21333928,21334248,,Random435,,,320,40.0
chr6,12925010,12926368,,Random436,,,1358,40.0
chr15,54426503,54427315,,Random437,,,812,40.0
chr3,192300355,192300875,,Random438,,,520,40.0
chr21,14943217,14944271,,Random439,,,1054,40.0
chr15,80365427,80366807,,Random440,,,1380,40.0
chr22,15249987,15250223,,Random441,,,236,40.0
chr19,25556761,25558033,,Random442,,,1272,40.0
chr9,98998033,98999445,,Random443,,,1412,60.0
chrX,87438786,87439943,,Random444,,,1157,20.0
chr19,28163830,28165264,,Random445,,,1434,40.0
chr3,114280081,114281467,,Random446,,,1386,40.0
chrX,134294148,134294252,,Random447,,,104,30.0
chr21,20191688,20192578,,Random448,,,890,40.0
chr6,117403154,117404290,,Random449,,,1136,40.0
chr14,58352049,58353373,,Random450,,,1324,20.0
chr21,15420539,15421462,,Random451,,,923,40.0
chrY,19268330,19269073,,Random452,,,743,40.0
chr21,32245239,32246191,,Random453,,,952,60.0
chr19,20647761,20647849,,Random454,,,88,40.0
chr13,95907756,95909193,,Random455,,,1437,40.0
chr4,134748709,134749884,,Random456,,,1175,40.0
chrY,5469102,5469386,,Random457,,,284,40.0
chr10,49429486,49429910,,Random458,,,424,40.0
chr22,35783864,35785207,,Random459,,,1343,60.0
chr17,51769850,51770414,,Random460,,,564,40.0
chr22,37236955,37237409,,Random461,,,454,60.0
chr22,20238838,20239377,,Random462,,,539,60.0
chr5,39521722,39521799,,Random463,,,77,40.0
chr19,48237723,48237946,,Random464,,,223,60.0
chrX,71639663,71640570,,Random465,,,907,40.0
chr16,40330674,40331729,,Random466,,,1055,
chr22,45489712,45490246,,Random467,,,534,40.0
chr9,97579953,97580528,,Random468,,,575,40.0
chr22,8036358,8037162,,Random469,,,804,
chr9,46763481,46763902,,Random470,,,421,
chr13,108440110,108441018,,Random471,,,908,40.0
chr9,120306101,120307059,,Random472,,,958,60.0
chr10,24306844,24306922,,Random473,,,78,40.0
chr5,29111369,29111982,,Random474,,,613,40.0
chr3,79733154,79733538,,Random475,,,384,40.0
chr21,16624188,16625036,,Random476,,,848,40.0
chr10,111005010,111006032,,Random477,,,1022,40.0
chr6,155684083,155684389,,Random478,,,306,20.0
chr12,86283579,86283784,,Random479,,,205,40.0
chr13,29595519,29596772,,Random480,,,1253,60.0
chr4,19926850,19928165,,Random481,,,1315,40.0
chr3,45391715,45393030,,Random482,,,1315,40.0
chr11,128367313,128367753,,Random483,,,440,40.0
chr15,95162094,95162968,,Random484,,,874,40.0
chr13,96687578,96688974,,Random485,,,1396,40.0
chr18,39208861,39209371,,Random486,,,510,40.0
chr20,50012802,50013118,,Random487,,,316,60.0
chr16,73714824,73715405,,Random488,,,581,40.0
chr14,23249919,23251173,,Random489,,,1254,40.0
chr5,114475447,114476874,,Random490,,,1427,40.0
chr1,224841466,224842757,,Random491,,,1291,40.0
chr22,7371006,7371553,,Random492,,,547,
chr12,87875544,87876047,,Random493,,,503,40.0
chr6,66947232,66948615,,Random494,,,1383,40.0
chr20,7071190,7071920,,Random495,,,730,40.0
chr9,19407613,19408726,,Random496,,,1113,60.0
chr14,31758426,31759205,,Random497,,,779,20.0
chr8,95013065,95013970,,Random498,,,905,40.0
chr3,13988064,13988852,,Random499,,,788,40.0
chr9,112210627,112211480,,Random500,,,853,40.0
chr7,8965900,8967011,,Random501,,,1111,40.0
chr11,67107237,67107787,,Random502,,,550,40.0
chr9,66878438,66879051,,Random503,,,613,40.0
chr6,139608671,139609382,,Random504,,,711,40.0
chr5,161712555,161712885,,Random505,,,330,40.0
chr17,69558127,69558218,,Random506,,,91,40.0
chrX,73526417,73527679,,Random507,,,1262,40.0
chr10,133346691,133347993,,Random508,,,1302,60.0
chr11,47424186,47425345,,Random509,,,1159,60.0
chr4,102995442,102996519,,Random510,,,1077,40.0
chr19,57844091,57844583,,Random511,,,492,60.0
chr19,2441956,2442140,,Random512,,,184,60.0
chr9,135528889,135529834,,Random513,,,945,40.0
chr3,173935212,173935805,,Random514,,,593,40.0
chr16,3802811,3803633,,Random515,,,822,40.0
chrY,18185120,18185321,,Random516,,,201,20.0
chr18,60621057,60621483,,Random517,,,426,20.0
chr16,61728850,61729721,,Random518,,,871,40.0
chrX,14293676,14294334,,Random519,,,658,40.0
chr1,148280136,148280822,,Random520,,,686,60.0
chr18,65721284,65721975,,Random521,,,691,40.0
chr12,84198525,84199420,,Random522,,,895,20.0
chr8,38978592,38979178,,Random523,,,586,60.0
chr5,23175408,23175867,,Random524,,,459,40.0
chr14,86958442,86959054,,Random525,,,612,40.0
chrY,44001527,44002584,,Random526,,,1057,
chr9,3181932,3183370,,Random527,,,1438,40.0
chr16,32056798,32057504,,Random528,,,706,40.0
chr22,33615016,33615682,,Random529,,,666,40.0
chr8,50389510,50390373,,Random530,,,863,40.0
chr3,7162842,7163641,,Random531,,,799,40.0
chr18,44896103,44896671,,Random532,,,568,40.0
chr18,13157335,13157540,,Random533,,,205,40.0
chr5,123408973,123409555,,Random534,,,582,40.0
chr3,35076031,35076149,,Random535,,,118,40.0
chr20,46567758,46568564,,Random536,,,806,40.0
chr13,29248034,29248486,,Random537,,,452,40.0
chr6,63429932,63430559,,Random538,,,627,40.0
chr20,25955117,25956168,,Random539,,,1051,40.0
chr13,62013077,62013785,,Random540,,,708,40.0
chr20,63848460,63848889,,Random541,,,429,60.0
chr19,19278135,19278296,,Random542,,,161,40.0
chr9,35857470,35858551,,Random543,,,1081,60.0
chr1,166615589,166616214,,Random544,,,625,20.0
chr22,30742355,30743537,,Random545,,,1182,40.0
chr11,95125703,95126876,,Random546,,,1173,40.0
chrY,54878928,54880128,,Random547,,,1200,
chr6,135277380,135278186,,Random548,,,806,40.0
chr2,48506630,48508016,,Random549,,,1386,40.0
chrX,129053466,129054625,,Random550,,,1159,40.0
chr18,39762553,39762702,,Random551,,,149,40.0
chr18,28653719,28654956,,Random552,,,1237,40.0
chr17,38846113,38847346,,Random553,,,1233,60.0
chr14,97678124,97678403,,Random554,,,279,40.0
chr3,81825862,81827154,,Random555,,,1292,40.0
chr12,23074512,23074626,,Random556,,,114,40.0
chr3,45537259,45537521,,Random557,,,262,40.0
chr17,34759520,34760856,,Random558,,,1336,60.0
chr16,51742792,51743944,,Random559,,,1152,40.0
chr7,155848117,155848591,,Random560,,,474,60.0
chrY,49363562,49364455,,Random561,,,893,
chr4,172064176,172065168,,Random562,,,992,40.0
chr18,31290039,31290221,,Random563,,,182,40.0
chr12,74122691,74123014,,Random564,,,323,20.0
chr20,10514407,10515483,,Random565,,,1076,40.0
chr13,56676833,56676953,,Random566,,,120,40.0
chr5,166708846,166709380,,Random567,,,534,40.0
chr7,119809880,119810985,,Random568,,,1105,40.0
chr8,25160976,25162037,,Random569,,,1061,40.0
chr14,88518466,88518783,,Random570,,,317,60.0
chr17,51691755,51691924,,Random571,,,169,40.0
chr11,118888463,118889439,,Random572,,,976,60.0
chrX,25554502,25555637,,Random573,,,1135,40.0
chrY,33463113,33464150,,Random574,,,1037,
chr20,41779180,41780538,,Random575,,,1358,40.0
chr14,27700965,27701562,,Random576,,,597,20.0
chr14,84664992,84666332,,Random577,,,1340,40.0
chr4,127209501,127210179,,Random578,,,678,40.0
chr8,17953565,17954010,,Random579,,,445,40.0
chr12,35893781,35895035,,Random580,,,1254,40.0
chr13,21384430,21385513,,Random581,,,1083,40.0
chr4,167355686,167356042,,Random582,,,356,40.0
chrX,126637713,126637842,,Random583,,,129,40.0
chr20,33052764,33052947,,Random584,,,183,60.0
chr5,12103031,12104390,,Random585,,,1359,40.0
chr20,34882854,34884273,,Random586,,,1419,40.0
chr22,6943383,6944042,,Random587,,,659,
chr1,240381355,240382445,,Random588,,,1090,40.0
chr17,29999431,29999638,,Random589,,,207,20.0
chr2,45124761,45125391,,Random590,,,630,40.0
chr1,144091260,144091373,,Random591,,,113,60.0
chr8,69489678,69490665,,Random592,,,987,40.0
chr18,46634659,46635810,,Random593,,,1151,40.0
chr3,71501262,71502392,,Random594,,,1130,40.0
chr3,144410069,144411173,,Random595,,,1104,40.0
chr6,141304311,141304386,,Random596,,,75,40.0
chr1,190425814,190426527,,Random597,,,713,40.0
chr17,61448881,61449342,,Random598,,,461,40.0
chr2,241490623,241490945,,Random599,,,322,60.0
chr21,8175016,8175986,,Random600,,,970,40.0
chr3,125028084,125029137,,Random601,,,1053,40.0
chr2,147800784,147801369,,Random602,,,585,40.0
chrY,15934477,15935837,,Random603,,,1360,40.0
chr15,11451855,11452071,,Random604,,,216,
chr16,22941571,22941907,,Random605,,,336,40.0
chr4,99936776,99937615,,Random606,,,839,40.0
chr3,38026279,38026749,,Random607,,,470,60.0
chrX,19699370,19700216,,Random608,,,846,40.0
chr15,77528842,77529676,,Random609,,,834,60.0
chrY,32350460,32351093,,Random610,,,633,
chr20,41060823,41061840,,Random611,,,1017,40.0
chr18,36043881,36044475,,Random612,,,594,40.0
chr20,42001647,42002974,,Random613,,,1327,40.0
chr11,87102808,87103178,,Random614,,,370,40.0
chr22,37166759,37168026,,Random615,,,1267,60.0
chr5,73916537,73917856,,Random616,,,1319,40.0
chr2,169538637,169538950,,Random617,,,313,40.0
chr2,125545774,125546586,,Random618,,,812,40.0
chr14,95766225,95766794,,Random619,,,569,40.0
chr15,43420923,43421270,,Random620,,,347,60.0
chr16,14008998,14009564,,Random621,,,566,40.0
chr14,45652825,45653995,,Random622,,,1170,40.0
chr22,8840785,8841714,,Random623,,,929,
chr5,170383253,170384384,,Random624,,,1131,60.0
chr15,21291446,21292814,,Random625,,,1368,40.0
chr18,3012519,3013066,,Random626,,,547,80.0
chr9,58085980,58086396,,Random627,,,416,
chr8,14870999,14872254,,Random628,,,1255,40.0
chr1,64668026,64668133,,Random629,,,107,60.0
chr12,78358568,78359094,,Random630,,,526,40.0
chr6,119193318,119193684,,Random631,,,366,40.0
chr20,55529755,55531160,,Random632,,,1405,40.0
chr5,97862272,97863166,,Random633,,,894,40.0
chr3,76757722,76758762,,Random634,,,1040,40.0
chr18,3386764,3387481,,Random635,,,717,40.0
chr2,162326149,162327292,,Random636,,,1143,40.0
chr6,168868853,168869479,,Random637,,,626,40.0
chrX,68525560,68526584,,Random638,,,1024,40.0
chr9,38529970,38530435,,Random639,,,465,40.0
chr7,86503819,86504821,,Random640,,,1002,40.0
chr8,73579724,73580618,,Random641,,,894,40.0
chr3,80487369,80488222,,Random642,,,853,40.0
chr16,16243026,16243761,,Random643,,,735,40.0
chr12,35646346,35647295,,Random644,,,949,40.0
chr13,78090663,78091960,,Random645,,,1297,40.0
chr2,35820206,35820563,,Random646,,,357,20.0
chr12,8496446,8497712,,Random647,,,1266,40.0
chr12,110312521,110313081,,Random648,,,560,40.0
chr18,43972152,43972596,,Random649,,,444,40.0
chr21,22929032,22930022,,Random650,,,990,40.0
chr5,19925506,19926362,,Random651,,,856,40.0
chr15,51391332,51391987,,Random652,,,655,40.0
chr3,88211833,88212569,,Random653,,,736,40.0
chr2,97890602,97890832,,Random654,,,230,40.0
chr7,30306552,30307487,,Random655,,,935,40.0
chr2,98451524,98451951,,Random656,,,427,40.0
chr19,33967140,33967843,,Random657,,,703,40.0
chr12,95377822,95378524,,Random658,,,702,40.0
chr6,90749332,90749919,,Random659,,,587,40.0
chr9,39617956,39618259,,Random660,,,303,40.0
chrX,90080257,90081150,,Random661,,,893,40.0
chr8,96540144,96540519,,Random662,,,375,60.0
chr13,6612291,6613215,,Random663,,,924,
chr18,66847699,66848694,,Random664,,,995,20.0
chr9,48160221,48160746,,Random665,,,525,
chr19,33452404,33452904,,Random666,,,500,40.0
chr7,100531296,100532005,,Random667,,,709,40.0
chrY,54951955,54953209,,Random668,,,1254,
chr17,55934861,55935871,,Random669,,,1010,40.0
chr5,139235228,139235754,,Random670,,,526,60.0
chr17,69578975,69580013,,Random671,,,1038,40.0
chr2,179215487,179216002,,Random672,,,515,40.0
chr13,81705243,81706476,,Random673,,,1233,20.0
chr21,20314094,20314676,,Random674,,,582,40.0
chr8,140984132,140984750,,Random675,,,618,40.0
chr22,1128456,1128721,,Random676,,,265,
chr17,81704680,81706075,,Random677,,,1395,60.0
chr10,129374369,129375476,,Random678,,,1107,60.0
chr8,4520850,4521406,,Random679,,,556,20.0
chrX,59640948,59641612,,Random680,,,664,40.0
chrX,86122073,86122550,,Random681,,,477,60.0
chr5,75305140,75306444,,Random682,,,1304,40.0
chr2,56922735,56924012,,Random683,,,1277,40.0
chrX,23677369,23677822,,Random684,,,453,40.0
chr11,29348845,29350040,,Random685,,,1195,20.0
chr14,8318558,8319221,,Random686,,,663,
chr13,38557552,38557657,,Random687,,,105,40.0
chr18,48965986,48966192,,Random688,,,206,60.0
chrX,13811116,13812222,,Random689,,,1106,40.0
chr16,49485043,49486154,,Random690,,,1111,40.0
chr15,72995393,72995870,,Random691,,,477,40.0
chr12,23354061,23354308,,Random692,,,247,40.0
chr7,134862318,134863435,,Random693,,,1117,40.0
chr19,39927325,39928763,,Random694,,,1438,60.0
chr6,52810850,52811931,,Random695,,,1081,40.0
chr9,130189423,130189964,,Random696,,,541,60.0
chr20,48107333,48108016,,Random697,,,683,40.0
chr2,90359449,90359693,,Random698,,,244,60.0
chr18,43616072,43616983,,Random699,,,911,40.0
chr2,166607507,166607688,,Random700,,,181,20.0
chr2,52824614,52824956,,Random701,,,342,20.0
chr7,106550992,106551920,,Random702,,,928,40.0
chrY,13065253,13066489,,Random703,,,1236,40.0
chr6,65701149,65701344,,Random704,,,195,20.0
chr22,29400340,29401217,,Random705,,,877,40.0
chr14,87327097,87328341,,Random706,,,1244,40.0
chr4,23984506,23984923,,Random707,,,417,40.0
chr11,131400895,131401313,,Random708,,,418,40.0
chrY,25549650,25549734,,Random709,,,84,40.0
chr12,63871992,63872602,,Random710,,,610,40.0
chr21,20373968,20374172,,Random711,,,204,40.0
chr15,59048557,59049475,,Random712,,,918,40.0
chr18,72388076,72389419,,Random713,,,1343,40.0
chr20,19824129,19825419,,Random714,,,1290,40.0
chr22,17575435,17576198,,Random715,,,763,40.0
chr19,12644489,12645375,,Random716,,,886,60.0
chr2,150473805,150474860,,Random717,,,1055,40.0
chr14,99751047,99751361,,Random718,,,314,60.0
chr4,177145054,177145641,,Random719,,,587,20.0
chr4,164654851,164655952,,Random720,,,1101,40.0
chr10,96423065,96423999,,Random721,,,934,40.0
chr12,2040629,2041138,,Random722,,,509,40.0
chr16,34780798,34781592,,Random723,,,794,20.0
chrX,79647574,79647837,,Random724,,,263,20.0
chrX,3275286,3275954,,Random725,,,668,40.0
chr13,29695175,29696069,,Random726,,,894,40.0
chr21,25127403,25128818,,Random727,,,1415,40.0
chr9,128281796,128282065,,Random728,,,269,60.0
chr20,17761767,17762499,,Random729,,,732,40.0
chr12,23269241,23269912,,Random730,,,671,40.0
chr5,122358987,122359472,,Random731,,,485,20.0
chr15,101461761,101461848,,Random732,,,87,20.0
chrY,21169968,21170038,,Random733,,,70,40.0
chr10,83034184,83034280,,Random734,,,96,40.0
chr16,31370097,31371446,,Random735,,,1349,60.0
chr17,20632839,20633833,,Random736,,,994,60.0
chr8,18129151,18130586,,Random737,,,1435,40.0
chr14,6805582,6806957,,Random738,,,1375,
chr12,117354423,117355604,,Random739,,,1181,40.0
chrY,27729496,27729759,,Random740,,,263,
chr17,61222666,61223680,,Random741,,,1014,40.0
chr17,28094921,28095981,,Random742,,,1060,40.0
chrX,127734757,127735708,,Random743,,,951,20.0
chr6,35668980,35670205,,Random744,,,1225,20.0
chr2,171588756,171589941,,Random745,,,1185,40.0
chr18,46242582,46242868,,Random746,,,286,20.0
chr17,38104447,38105462,,Random747,,,1015,40.0
chr1,155972549,155972818,,Random748,,,269,40.0
chr2,190700600,190701096,,Random749,,,496,40.0
chr9,89393387,89394551,,Random750,,,1164,40.0
chr6,87868684,87868849,,Random751,,,165,40.0
chr5,19864067,19865450,,Random752,,,1383,40.0
chrX,37493014,37493820,,Random753,,,806,40.0
chr12,6484460,6485308,,Random754,,,848,40.0
chr14,74095317,74095601,,Random755,,,284,40.0
chr7,158504185,158505447,,Random756,,,1262,40.0
chr12,102090243,102091362,,Random757,,,1119,40.0
chr11,45633924,45634286,,Random758,,,362,20.0
chr20,37186923,37187022,,Random759,,,99,40.0
chr13,3009493,3010050,,Random760,,,557,
chr3,46346013,46346720,,Random761,,,707,20.0
chr12,114535350,114535852,,Random762,,,502,40.0
chr15,48207856,48208739,,Random763,,,883,40.0
chr4,94770633,94770729,,Random764,,,96,40.0
chr22,21988211,21988615,,Random765,,,404,60.0
chr19,8845134,8845914,,Random766,,,780,40.0
chr5,7988274,7989064,,Random767,,,790,40.0
chr3,45145124,45145291,,Random768,,,167,40.0
chr12,79086438,79086629,,Random769,,,191,40.0
chrY,51275931,51276336,,Random770,,,405,
chr13,76109439,76110560,,Random771,,,1121,40.0
chr22,36961531,36962537,,Random772,,,1006,40.0
chr15,17517790,17518608,,Random773,,,818,40.0
chr7,84938043,84939335,,Random774,,,1292,20.0
chr8,40952531,40953041,,Random775,,,510,40.0
chr6,124379369,124380262,,Random776,,,893,40.0
chr11,6452402,6453404,,Random777,,,1002,40.0
chr8,109813338,109814486,,Random778,,,1148,40.0
chrY,42488735,42489127,,Random779,,,392,
chr10,114247946,114248438,,Random780,,,492,40.0
chr18,41577061,41578361,,Random781,,,1300,40.0
chr5,98706198,98706666,,Random782,,,468,40.0
chr19,4453297,4454232,,Random783,,,935,60.0
chr19,54918852,54919253,,Random784,,,401,40.0
chr21,8198651,8199054,,Random785,,,403,40.0
chr13,104592160,104592480,,Random786,,,320,40.0
chr1,100758857,100760035,,Random787,,,1178,40.0
chr3,100416577,100416987,,Random788,,,410,40.0
chr13,45915397,45915968,,Random789,,,571,40.0
chr20,43057144,43057648,,Random790,,,504,40.0
chr7,29811553,29812973,,Random791,,,1420,40.0
chr9,52776238,52776986,,Random792,,,748,
chr10,36028730,36030127,,Random793,,,1397,40.0
chrY,38060713,38062008,,Random794,,,1295,
chr5,5713916,5714420,,Random795,,,504,40.0
chrX,76344703,76345655,,Random796,,,952,40.0
chr20,5380885,5382203,,Random797,,,1318,40.0
chr7,154641363,154641453,,Random798,,,90,20.0
chr21,19004249,19005430,,Random799,,,1181,40.0
chr15,4262795,4263861,,Random800,,,1066,
chr18,18354909,18355936,,Random801,,,1027,40.0
chr4,74781930,74782312,,Random802,,,382,40.0
chr14,101542343,101543101,,Random803,,,758,60.0
chr4,116442703,116443487,,Random804,,,784,20.0
chr18,50599863,50600329,,Random805,,,466,40.0
chr6,112998392,112999203,,Random806,,,811,40.0
chr10,75092137,75093315,,Random807,,,1178,60.0
chr9,88965662,88966070,,Random808,,,408,60.0
chr11,67692922,67693842,,Random809,,,920,40.0
chr19,21576012,21576438,,Random810,,,426,40.0
chr3,62338886,62339557,,Random811,,,671,40.0
chrY,17126210,17127330,,Random812,,,1120,20.0
chr11,117875056,117876141,,Random813,,,1085,60.0
chr1,29773176,29774060,,Random814,,,884,40.0
chr12,114050583,114051420,,Random815,,,837,40.0
chr10,13649199,13650583,,Random816,,,1384,40.0
chr1,139485880,139486654,,Random817,,,774,
chr2,96641446,96642041,,Random818,,,595,40.0
chr10,17552183,17552786,,Random819,,,603,40.0
chr12,40344207,40345198,,Random820,,,991,20.0
chr18,28464052,28464182,,Random821,,,130,40.0
chr19,42636309,42637686,,Random822,,,1377,40.0
chr16,59665402,59666567,,Random823,,,1165,40.0
chr14,64682610,64682996,,Random824,,,386,40.0
chr12,71329935,71331063,,Random825,,,1128,40.0
chr14,11791070,11791857,,Random826,,,787,
chr17,60452790,60453471,,Random827,,,681,40.0
chr5,73296669,73297863,,Random828,,,1194,60.0
chr19,58102036,58102561,,Random829,,,525,40.0
chr15,4146108,4146658,,Random830,,,550,
chr21,18879090,18880084,,Random831,,,994,40.0
chr4,157440182,157441525,,Random832,,,1343,40.0
chr12,70902274,70903345,,Random833,,,1071,40.0
chr9,15036210,15037568,,Random834,,,1358,40.0
chr4,50735578,50735987,,Random835,,,409,40.0
chr20,48834509,48835873,,Random836,,,1364,60.0
chr6,50191249,50192407,,Random837,,,1158,40.0
chr5,85610248,85610613,,Random838,,,365,40.0
chr14,55725290,55725540,,Random839,,,250,40.0
chr19,29927562,29928471,,Random840,,,909,60.0
chrX,53339454,53340548,,Random841,,,1094,60.0
chr16,17837719,17838560,,Random842,,,841,40.0
chr11,97334185,97335415,,Random843,,,1230,40.0
chr7,21176608,21177446,,Random844,,,838,40.0
chr7,27723183,27724290,,Random845,,,1107,40.0
chr9,78368398,78369245,,Random846,,,847,40.0
chr20,44128472,44129584,,Random847,,,1112,40.0
chr18,76254001,76255419,,Random848,,,1418,40.0
chr9,85502191,85502965,,Random849,,,774,40.0
chr8,89161067,89162463,,Random850,,,1396,40.0
chr21,13822951,13824265,,Random851,,,1314,40.0
chr10,119517919,119518534,,Random852,,,615,60.0
chrY,22587054,22587130,,Random853,,,76,40.0
chr6,21321325,21322603,,Random854,,,1278,40.0
chr16,55408297,55409688,,Random855,,,1391,40.0
chr11,39700492,39701871,,Random856,,,1379,40.0
chr22,47445565,47446326,,Random857,,,761,60.0
chr7,79574242,79574439,,Random858,,,197,60.0
chr6,102035530,102035788,,Random859,,,258,40.0
chr6,128527702,128527846,,Random860,,,144,40.0
chr7,11760822,11761793,,Random861,,,971,20.0
chr19,24732202,24732730,,Random862,,,528,40.0
chr9,37204794,37206093,,Random863,,,1299,40.0
chr13,29569847,29570762,,Random864,,,915,60.0
chr12,83659190,83659303,,Random865,,,113,20.0
chr19,586952,587543,,Random866,,,591,60.0
chr11,30716886,30718085,,Random867,,,1199,40.0
chr2,31954137,31954678,,Random868,,,541,40.0
chrX,74596598,74597232,,Random869,,,634,40.0
chr19,2358448,2358655,,Random870,,,207,60.0
chr2,74500648,74501491,,Random871,,,843,60.0
chr6,60309154,60310507,,Random872,,,1353,40.0
chr11,23008030,23008965,,Random873,,,935,40.0
chr3,104497941,104498502,,Random874,,,561,40.0
chr21,7226542,7227751,,Random875,,,1209,40.0
chrX,55666856,55667317,,Random876,,,461,40.0
chr20,46739048,46739991,,Random877,,,943,40.0
chr1,28576307,28576603,,Random878,,,296,60.0
chr12,8441966,8443218,,Random879,,,1252,60.0
chr17,50454958,50455626,,Random880,,,668,60.0
chr2,171959646,171959766,,Random881,,,120,40.0
chr11,53633461,53634724,,Random882,,,1263,40.0
chr10,48991804,48992989,,Random883,,,1185,40.0
chr7,95278057,95279437,,Random884,,,1380,40.0
chr10,48161147,48162254,,Random885,,,1107,40.0
chr12,109787282,109787997,,Random886,,,715,60.0
chr2,225004179,225005318,,Random887,,,1139,40.0
chr7,79607866,79608660,,Random888,,,794,40.0
chr16,15953600,15954193,,Random889,,,593,60.0
chr5,150861324,150862699,,Random890,,,1375,40.0
chrX,86899287,86900623,,Random891,,,1336,40.0
chrY,37327656,37328835,,Random892,,,1179,
chr10,66304952,66306199,,Random893,,,1247,40.0
chr16,14368094,14369145,,Random894,,,1051,60.0
chr4,63372791,63374140,,Random895,,,1349,40.0
chr13,110980389,110980962,,Random896,,,573,40.0
chr18,76216838,76217662,,Random897,,,824,40.0
chr9,528117,528423,,Random898,,,306,40.0
chr2,192261634,192262352,,Random899,,,718,20.0
chr17,23964900,23965190,,Random900,,,290,40.0
chr13,36577439,36577839,,Random901,,,400,40.0
chr5,94197643,94198878,,Random902,,,1235,40.0
chr4,182292943,182293861,,Random903,,,918,40.0
chr17,46395261,46396084,,Random904,,,823,40.0
chr18,74739001,74739439,,Random905,,,438,40.0
chr1,117213224,117213395,,Random906,,,171,40.0
chr2,98156949,98158068,,Random907,,,1119,40.0
chr7,147722557,147723637,,Random908,,,1080,40.0
chr14,40134423,40134556,,Random909,,,133,40.0
chr6,95028487,95029316,,Random910,,,829,
chr12,80933231,80934564,,Random911,,,1333,40.0
chr16,2460803,2461527,,Random912,,,724,60.0
chrX,9228581,9228900,,Random913,,,319,40.0
chr17,8811739,8812671,,Random914,,,932,40.0
chr18,57479385,57480447,,Random915,,,1062,40.0
chr9,73787056,73788291,,Random916,,,1235,40.0
chr9,15325956,15327104,,Random917,,,1148,40.0
chr11,128335216,128335547,,Random918,,,331,40.0
chr20,35586754,35587692,,Random919,,,938,60.0
chr20,60731478,60732374,,Random920,,,896,40.0
chr18,55112228,55112840,,Random921,,,612,40.0
chr14,43696107,43696850,,Random922,,,743,40.0
chr18,63569207,63570440,,Random923,,,1233,40.0
chr20,31631064,31631828,,Random924,,,764,40.0
chr18,46522348,46523685,,Random925,,,1337,40.0
chr16,84440766,84442204,,Random926,,,1438,40.0
chr13,28121841,28122196,,Random927,,,355,20.0
chr7,105382151,105382575,,Random928,,,424,60.0
chr22,2216848,2218189,,Random929,,,1341,
chr8,63993172,63993334,,Random930,,,162,40.0
chr16,29443280,29444286,,Random931,,,1006,40.0
chr16,77104542,77105681,,Random932,,,1139,40.0
chr18,74725402,74726260,,Random933,,,858,40.0
chr12,19503583,19504630,,Random934,,,1047,40.0
chr2,56031650,56032846,,Random935,,,1196,40.0
chrX,82305549,82306017,,Random936,,,468,40.0
chr4,161772943,161773604,,Random937,,,661,40.0
chr2,36993242,36994510,,Random938,,,1268,40.0
chr12,82795701,82796821,,Random939,,,1120,40.0
chr12,91837924,91838710,,Random940,,,786,40.0
chr6,447493,448488,,Random941,,,995,60.0
chr13,38976900,38977750,,Random942,,,850,40.0
chr17,70007642,70008261,,Random943,,,619,20.0
chr8,102038459,102039161,,Random944,,,702,40.0
chr11,82145335,82146356,,Random945,,,1021,40.0
chr9,115524521,115524830,,Random946,,,309,40.0
chr8,109627173,109628174,,Random947,,,1001,40.0
chr22,49005173,49005361,,Random948,,,188,60.0
chr19,13884384,13885339,,Random949,,,955,60.0
chrY,9865224,9865798,,Random950,,,574,20.0
chrX,91340188,91340405,,Random951,,,217,40.0
chr3,3541546,3542165,,Random952,,,619,40.0
chr19,53378353,53378528,,Random953,,,175,60.0
chr4,170432058,170432631,,Random954,,,573,40.0
chr14,42532923,42533095,,Random955,,,172,20.0
chr1,142020609,142021950,,Random956,,,1341,
chr5,158732278,158732993,,Random957,,,715,20.0
chr9,124006318,124007504,,Random958,,,1186,40.0
chr3,16789821,16789904,,Random959,,,83,40.0
chr21,9307447,9307884,,Random960,,,437,40.0
chr1,89490432,89491295,,Random961,,,863,40.0
chr9,29712058,29713259,,Random962,,,1201,40.0
chr20,55198109,55198261,,Random963,,,152,40.0
chr1,51008703,51009515,,Random964,,,812,40.0
chr17,73374793,73375237,,Random965,,,444,60.0
chr2,10786828,10787701,,Random966,,,873,40.0
chr9,79071603,79072232,,Random967,,,629,40.0
chr11,56153818,56154926,,Random968,,,1108,40.0
chr13,40701236,40702126,,Random969,,,890,40.0
chr13,36146013,36146712,,Random970,,,699,40.0
chr4,46424094,46424922,,Random971,,,828,40.0
chr6,128656524,128657704,,Random972,,,1180,40.0
chr12,126078723,126078812,,Random973,,,89,60.0
chr7,131412517,131413081,,Random974,,,564,40.0
chr11,36859578,36860464,,Random975,,,886,40.0
chr1,47081636,47081719,,Random976,,,83,20.0
chr9,65308222,65308479,,Random977,,,257,40.0
chr2,119630273,119630759,,Random978,,,486,40.0
chr7,145083376,145084151,,Random979,,,775,40.0
chr13,72276417,72276762,,Random980,,,345,40.0
chr18,57260260,57261138,,Random981,,,878,40.0
chrX,154840484,154840791,,Random982,,,307,40.0
chr17,45870498,45871253,,Random983,,,755,40.0
chr19,15969231,15970176,,Random984,,,945,40.0
chr5,92495614,92496132,,Random985,,,518,40.0
chr3,32937486,32938789,,Random986,,,1303,40.0
chr17,75118181,75118373,,Random987,,,192,40.0
chr10,96238451,96239327,,Random988,,,876,40.0
chr11,45449544,45450289,,Random989,,,745,60.0
chr17,39108394,39109423,,Random990,,,1029,60.0
chr5,116399035,116399668,,Random991,,,633,40.0
chr15,25484850,25485077,,Random992,,,227,40.0
chr5,10639199,10640520,,Random993,,,1321,60.0
chr1,205729786,205729998,,Random994,,,212,60.0
chr9,52865550,52866816,,Random995,,,1266,
chr18,9997713,9998766,,Random996,,,1053,40.0
chr15,42943112,42944393,,Random997,,,1281,40.0
chr2,141995739,141997114,,Random998,,,1375,40.0
chr11,14429056,14430280,,Random999,,,1224,40.0
chr8,55311009,55311979,,Random1000,,,970,40.0
