GeneName,Variation_ID,Mean_Coverage,seq_data,Allele-frequency,popmax,popmax_af,SiteQuality,AS_MQ,AS_FS,AS_MQRankSum,AS_pab_max,AS_ReadPosRankSum,AS_SOR,AS_VarDP
Random498,8-95013065-G-T,30.736339293185686,genome,5.2655135192059604e-05,sas,0.0008263500000000016,4896,60,12.290691902776004,0.083,1,0.446,1.0586992281158463,326
Random498,8-95013077-T-C,30.741053248166022,genome,6.574276172193441e-06,afr,0,1298,60,2.743481740707698,0.042,0.7492586247608412,-0.556,0.8244378414787072,92
Random498,8-95013093-T-A,30.717330060528298,genome,6.582238487664885e-06,afr,0,507,60,4.300166551387187,-1.54,0.4513808323961264,-0.071,1.2535826033484119,44
Random498,8-95013096-T-C,30.25999274776157,genome,6.677261254523845e-06,afr,0,350,59.830744176534765,0,-0.711,0.14330665429588452,-0.257,0.5508309583796898,38
Random498,8-95013107-T-G,30.430936375554378,genome,4.0310660826099806e-05,afr,6.378999999999997e-05,7894,59.94109257795734,0.5220519298495323,0.369,1,-0.276,0.6391972026890061,425
Random498,8-95013108-T-G,30.667261722127694,genome,1.3240999430637025e-05,nfe,4.9e-06,939,60,8.817552904481685,-0.354,1,1.162,0.953800580623807,63
Random498,8-95013116-T-C,30.739337814844774,genome,5.9202736482041836e-05,afr,9.578999999999996e-05,6515,60,0.5223046671539585,0.423,1,0.465,0.7599447494734792,419
Random498,8-95013117-C-G,30.257621823659033,genome,4.0820214170057013e-05,afr,6.485999999999997e-05,12227,60,4.821637332766436e-16,-0.208,1,0.086,0.6115227274066964,417
Random498,8-95013117-C-T,30.257621823659033,genome,3.4020085458454674e-05,afr,8.31e-06,12227,59.86886862317632,74.82309308616136,0.127,1,-0.95,7.995234699199839,1662
Random498,8-95013119-A-T,30.588365735962736,genome,6.65212069607791e-06,afr,0,8340,59.827141437558595,35.018066107673874,0.332,0.7265625000000003,-0.091,6.493132361214199,471
Random498,8-95013119-A-G,30.588365735962736,genome,7.317040722657549e-05,afr,0.00015076999999999997,8340,59.9868152180127,1.2512854474260786,-0.122,1,0.19,0.8557936232654725,494
Random498,8-95013120-G-T,30.556944018297955,genome,0,afr,0,960,59.85491718406359,81.64300015751579,-0.255,0.5488281250000002,0.134,5.679627333343003,394
Random498,8-95013122-G-T,30.618420685615465,genome,0,afr,0,322,60,9.31663198631113,0.747,1,0.348,1.7545220891275242,70
Random498,8-95013125-A-T,30.704792056009595,genome,6.601967386281112e-06,afr,0,310,60,1.4773045126555684,-0.609,0.0045513841323554585,1.743,0.9472337144969988,33
Random498,8-95013128-G-A,30.712351119912974,genome,1.984126984126984e-05,nfe,1.174e-05,4280,60,8.573869832460284,-0.202,0.8714146793645334,0.305,0.5418866258276206,337
Random498,8-95013143-C-G,30.803031993528773,genome,1.316222441592629e-05,afr,8.02e-06,1908,60,1.9636870567756346,0.017,0.5715881884098056,0.441,0.524203442550587,162
Random498,8-95013145-A-G,30.788053331845695,genome,1.3188088518450136e-05,nfe,4.89e-06,3388,60,0.46156225949949287,0.484,1,0.328,0.7438175240467351,250
Random498,8-95013148-C-G,30.807648322222533,genome,6.58388528238284e-06,afr,0,436,60,1.4997575736602264,0.45,1,-0.486,1.194006640014086,33
Random498,8-95013150-A-G,30.791665504448968,genome,1.978917927677146e-05,nfe,4.89e-06,2729,59.968147744960014,0,0.534,0.7011080384254461,0.171,0.6984663045132136,204
Random498,8-95013157-A-G,30.82385428579398,genome,0.0006446011366028205,eas,0.00856189999999999,71155,59.9886516831087,0,0.09,1,0.209,0.7152735918634516,5832
Random498,8-95013178-T-C,30.86482943293074,genome,6.572806982950139e-06,afr,0,329,59.384404204189565,0,-0.199,0.7011080384254461,-0.066,0.8355675206017139,46
Random498,8-95013182-G-T,30.84838637694904,genome,6.584405494027944e-06,afr,0,889,60,3.2968143202851055,1.418,1,-0.578,1.1014698045753566,16
Random498,8-95013188-A-G,30.865833589021225,genome,6.579899722328232e-06,afr,0,1002,60,3.3914238807316437,1.263,1,1.3,0.4704846986344069,66
Random498,8-95013193-C-T,30.87901313770885,genome,6.575659538651727e-06,afr,0,734,60,18.006372362468557,0.019,1,1.121,2.3582085677647093,58
Random498,8-95013197-G-A,30.874048143705895,genome,6.583278472679394e-06,afr,0,355,60,0,-0.592,0.7110711038112644,1.732,0.8919980393051106,29
Random498,8-95013202-A-G,30.881328275361916,genome,3.2898199810506366e-05,amr,2.2630000000000002e-05,3028,60,9.643274665532871e-16,-0.406,1,0.887,0.7246000681864035,228
Random498,8-95013209-C-A,30.89704610750049,genome,8.537914909826483e-05,afr,0.00018479999999999997,10559,60,1.7358917381119605,-0.408,1,0.358,0.6274393177118274,724
Random498,8-95013239-A-G,30.91135533178991,genome,0,afr,0,531,59.89358843385385,0,0.264,0.8238029479980473,0.12,0.6733072320835899,61
Random498,8-95013243-G-A,30.90990488410365,genome,6.579380222383052e-06,afr,0,546,60,1.2188300281634454,0.217,0.8746293123804204,-0.785,0.494696241836107,40
Random498,8-95013247-A-G,30.91583219435999,genome,1.972879483368626e-05,afr,1.921e-05,1502,59.83774357005415,1.8827717426546677,1.762,0.8388197422027589,0.916,0.5033787049086791,80
Random498,8-95013250-C-G,30.921145853672144,genome,1.314993556531573e-05,afr,8e-06,780,60,4.334290767534463,1.617,0.2528697301676036,0.336,0.7126437072690829,84
Random498,8-95013257-A-C,30.9222057962121,genome,3.9473684210526316e-05,eas,0.0005044300000000022,4157,59.95625935994713,10.511545869373036,0,1,0.727,0.7359615765709451,244
Random498,8-95013258-C-A,30.932066051156173,genome,6.5733254453427986e-06,afr,0,867,60,1.148439337740969,0.096,0.1114028910610189,1.714,0.975714152344956,48
Random498,8-95013264-T-A,30.936877632423084,genome,6.572893387669252e-06,afr,0,418,60,3.192224743621157,-0.968,1,1.048,0.9861213475934918,31
Random498,8-95013266-A-G,30.935455077961564,genome,2.6303675938712434e-05,afr,3.251e-05,2076,60,0.6118132171285615,-0.153,1,0.206,0.7215919425879238,145
Random498,8-95013292-A-G,30.936026889068646,genome,6.577822214621183e-06,afr,0,150,60,0,-1.247,0.4544982910156251,0.705,0.6931471805599453,16
Random498,8-95013296-G-A,30.93535745167499,genome,6.580072907207812e-06,afr,0,538,60,4.7409984221803425,0.793,0.8776143287523154,-0.164,0.21845437359276623,42
Random498,8-95013306-A-G,30.94665420769295,genome,1.3151146122384566e-05,afr,0,3068,60,4.67556702385974,0.104,1,0.5,0.4585187978911136,216
Random498,8-95013308-G-A,30.94938774371705,genome,6.573671132380589e-06,afr,0,602,60,0,-0.096,0.405032246140763,0.385,0.6832009309146514,36
Random498,8-95013313-C-T,30.946152129647707,genome,1.314993556531573e-05,nfe,4.88e-06,2946,60,4.8961300800322896,-0.208,1,0.111,0.43598228995244814,203
Random498,8-95013314-C-T,30.947937296030794,genome,6.569870573549701e-06,afr,0,1246,59.73757163451434,0.8540085701155219,0.106,1,0.053,0.5401464143427482,69
Random498,8-95013345-A-T,30.973613009400015,genome,6.571165724799579e-06,afr,0,258,60,0,-1.002,0.6072387695312503,-0.648,0.7431271128649661,15
Random498,8-95013355-C-T,30.977922512621685,genome,6.569266344334665e-06,afr,0,482,60,5.287029907308299,1.747,1,2.143,1.739491040682298,33
Random498,8-95013356-A-G,30.97273437282084,genome,3.9414562366975855e-05,afr,7.98e-06,6470,60,5.914257959223602,-0.292,0.7428293587290676,0.415,0.46755055781913224,521
Random498,8-95013361-C-T,30.983264065158572,genome,6.565039849791888e-06,afr,0,422,60,0,-0.488,0.7283324808813638,0.488,0.6136907765277977,33
Random498,8-95013363-C-G,30.986388106328974,genome,1.3139741147099402e-05,afr,8e-06,1225,60,0,1.981,0.7877061896700445,1.728,0.7763898909641527,75
Random498,8-95013365-C-T,30.979582159493457,genome,6.570820301206403e-06,afr,0,1067,60,3.238992647349349,0.023,0.5223973804968409,0.399,0.5196078975859175,69
Random498,8-95013366-A-G,30.983570890630666,genome,6.570561257342603e-06,afr,0,291,60,5.625413879523134,-0.398,0.09887174959294528,2.084,0.16321121059153587,37
Random498,8-95013380-G-C,30.99018158489303,genome,6.565901957951964e-06,afr,0,14438,60,1.4185409090488224,1.288,1,0.734,1.0311204318913652,47
Random498,8-95013380-G-A,30.99018158489303,genome,1.3141986016926878e-05,afr,0,14438,59.92082445532493,1.0883346418286561,-0.276,1,0.071,0.7354170394468373,1013
Random498,8-95013383-G-A,30.9910183816351,genome,1.3142331449599158e-05,nfe,4.88e-06,1150,60,0.7752560110194904,0.182,1,0.743,0.8532476905884075,95
Random498,8-95013386-G-C,31.00580179074503,genome,0.001962921141776739,afr,0.006339400000000002,234388,59.995944999650135,0,-0.024,1,0.229,0.6962344376021344,17096
Random498,8-95013386-G-A,31.00580179074503,genome,6.570043230884459e-06,afr,0,234388,60,N/A,-2.872,1,0.624,1.0646448085744158,45
Random498,8-95013392-T-C,31.00461632869376,genome,3.94099023948084e-05,amr,0.00012872999999999994,3858,59.79520605087557,6.361081090022824,0.456,1,-0.354,0.48681182431396514,344
Random498,8-95013395-T-A,31.003988731137206,genome,6.562971713591914e-06,afr,0,513,60,9.643274665532871e-16,-0.162,0.1686375439167025,0.701,0.8385168604810004,26
Random498,8-95013397-C-T,31.00754511729101,genome,2.627499408812633e-05,amr,2.2610000000000002e-05,2458,60,1.241110818923586,-0.268,1,-0.116,0.8058916990431908,160
Random498,8-95013399-C-A,31.002956681821985,genome,0,afr,0,1808,60,2.0863506601568353,-0.296,0.06542968750000004,1.48,1.4926747646784624,24
Random498,8-95013399-C-T,31.002956681821985,genome,1.9715829182055967e-05,afr,1.92e-05,1808,60,0,0.071,1,-0.227,0.7483150954336983,104
Random498,8-95013400-C-T,31.002608016512788,genome,6.570906653700077e-06,afr,0,391,60,4.821637332766436e-16,-0.207,1,0.539,0.7206399941888455,30
Random498,8-95013403-C-G,31.931480293436724,genome,0.14347083552285864,afr,0.15082903,21783831,59.99099176532691,9.643274665532871e-16,-0.029,1,0.379,0.7159380060686739,1464650
Random498,8-95013409-T-G,32.12758360994115,genome,6.570129562954982e-06,afr,0,2925,60,0,0.818,0.6718110337653662,0.409,0.7158725297853943,50
Random498,8-95013416-T-G,32.132185992022535,genome,2.6283972033853757e-05,nfe,1.9720000000000004e-05,3680,60,5.959121421489707,-0.293,1,0.036,0.9019889411051596,250
Random498,8-95013422-T-C,32.13749965133469,genome,1.97046923440702e-05,afr,7.99e-06,2865,60,4.821637332766436e-16,0.766,0.7465343822890569,-0.64,0.7278393928597557,194
Random498,8-95013423-T-C,32.1363699757329,genome,0.00011825611646913516,afr,0.00024141999999999995,10692,60,1.1037288661186744,-0.189,1,-0.133,0.5719904543124879,804
Random498,8-95013431-A-G,31.722420574042566,genome,0.13104245481294663,nfe,0.14294481,19037661,59.99252911069339,0,-0.014,1,0.083,0.6891739700493286,1319433
Random498,8-95013432-C-T,31.794998744804886,genome,6.569352655989279e-06,afr,0,841,60,7.79332029508212,-0.496,0.8238029479980473,1.216,0.18026182383094413,54
Random498,8-95013436-G-A,31.795263730439878,genome,6.5662468646171225e-06,afr,0,1214,60,0.8539280722581954,0.243,0.6587380770236574,1.191,0.9001895789947894,83
Random498,8-95013458-C-T,31.79642129926641,genome,6.57133845021554e-06,afr,0,566,60,4.821637332766436e-16,0.049,0.08715855330228804,-0.148,1.0416070493708518,28
Random498,8-95013460-T-G,31.796463139103512,genome,6.57030223390276e-06,afr,0,434,60,2.7274800080582065,1.308,0.7358788008568805,1.308,0.3356804709424788,35
Random498,8-95013463-A-G,31.79992189897074,genome,6.564091792259623e-06,afr,0,553,60,7.419831374243108,-0.665,0.86793940042844,2.06,1.0922262002015843,36
Random498,8-95013469-T-C,31.797425455356894,genome,1.3141295206055508e-05,nfe,4.88e-06,4088,60,4.270443955002328,1.216,0.880395821280674,0.705,1.000481715890337,129
Random498,8-95013477-G-C,31.795472929625394,genome,1.314267690043108e-05,afr,0,3236,60,9.271586598077935,0.467,1,0.017,1.1849278546065782,236
Random498,8-95013480-T-C,31.798834063206048,genome,6.569525286102826e-06,afr,0,820,60,2.640887715969635,1.548,0.4868502416647969,0.565,0.8750223848721328,33
Random498,8-95013483-C-T,31.797885693565032,genome,6.570388572780194e-06,afr,0,2250,60,3.7564250382125315,0.753,1,0.429,0.4478875989284184,155
Random498,8-95013491-A-C,31.79900142255446,genome,6.569784248285286e-06,afr,0,1417,60,4.950009784187331,1.208,0.6718110337653662,0.681,0.5006318313257927,101
Random498,8-95013503-A-G,31.800605282976765,genome,6.5684033525130715e-06,afr,0,2306,60,14.92515775341533,0.773,1,0.239,1.0025160445174797,171
Random498,8-95013507-A-G,31.53207720844607,genome,0.14350191178209626,afr,0.15101382000000002,20255752,59.99626792003792,9.643274665532871e-16,0,1,0.399,0.6758437840217997,1392838
Random498,8-95013519-C-A,31.76688237427129,genome,6.569956901082729e-06,afr,0,230,60,2.1581678484644318,-2.363,1,1.103,1.8632184332102,16
Random498,8-95013522-A-G,31.769434604334606,genome,1.3137497044063165e-05,nfe,4.88e-06,693,60,3.138614206735484,-0.358,0.3074562549591067,1.55,0.9428929315150049,78
Random498,8-95013527-A-G,31.772307606482386,genome,2.624947501049979e-05,nfe,1.9720000000000004e-05,3171,60,1.0447028305059485,0.109,1,0.846,0.6185080552450016,217
Random498,8-95013535-A-G,31.770424813812724,genome,6.562885569527209e-06,afr,0,184,N/A,3.850730806540226,-0.023,0.010673840530216713,1.332,1.7297161887311288,31
Random498,8-95013542-G-T,31.768039943097822,genome,6.570215897294385e-06,afr,0,760,60,12.31917643183782,-0.804,0.8714146793645334,0.132,2.2834564637557904,60
Random498,8-95013544-C-T,31.768472288081224,genome,6.569784248285286e-06,afr,0,642,60,4.756285599285842,1.296,0.5113757815852293,0.091,0.6106157690018577,72
Random498,8-95013568-C-T,31.767021840394968,genome,6.5714248163286764e-06,afr,0,252,60,13.029995885268853,-0.439,0.6290588378906251,1.317,1.4064970684374098,17
Random498,8-95013574-C-A,31.770299294301413,genome,6.568748522031582e-06,afr,0,406,60,4.821637332766436e-16,1.133,0.8600500659085822,0.642,0.5399822080574463,32
Random498,8-95013592-C-G,31.768807006778054,genome,0.0002233374497490738,amr,0.0006560500000000004,30848,59.997576481666904,1.9286549331065747e-15,0.036,1,0.215,0.717923452637915,2330
Random498,8-95013599-C-T,31.764371984045077,genome,2.6286044738848147e-05,sas,7.286999999999999e-05,8051,60,3.211488491724364,-0.08,1,0.525,0.693704283804873,585
Random498,8-95013600-G-A,31.76537614013556,genome,2.626878217925817e-05,eas,0.0002627600000000003,5023,60,1.093932842706365,0.094,1,0.329,0.7928841076716847,409
Random498,8-95013611-C-T,31.76180580736939,genome,2.6284662899198317e-05,afr,3.249e-05,2401,60,8.517894154512554,-0.646,1,1.127,0.9749832823577449,182
Random498,8-95013612-A-G,31.764120945022455,genome,0.00015765203568191076,nfe,0.00021794999999999999,20094,60,0.5206821880722754,0.225,1,0.545,0.6990945704145959,1561
Random498,8-95013625-C-T,31.751750299852166,genome,6.572720580502681e-06,afr,0,1028,60,3.72828672614683,0.05,1,0.27,0.48729536051325884,49
Random498,8-95013625-C-G,31.751750299852166,genome,6.572720580502681e-06,afr,0,1028,60,1.4520406367169798,-0.553,0.33230590820312517,-0.754,1.214906579471894,17
Random498,8-95013626-C-T,31.747329223731555,genome,1.314837946223128e-05,afr,0,1582,60,3.6572303455113953,-0.215,1,0.047,0.7517180499491181,103
Random498,8-95013627-G-A,31.753131014476583,genome,3.9391790750807535e-05,afr,3.243e-05,6229,60,2.4408520087261802,-0.249,1,-0.09,0.8542683103610573,454
Random498,8-95013627-G-T,31.753131014476583,genome,6.57030223390276e-06,afr,0,6229,60,8.179592238399351,0.777,0.7283324808813638,-0.958,1.469194029671919,33
Random498,8-95013631-G-A,31.750453264901957,genome,6.570215897294385e-06,afr,0,618,60,4.648745883379383,1.147,0.5223973804968409,1.402,0.260455259751567,39
Random498,8-95013638-A-C,31.750969289559567,genome,6.5683170658014006e-06,afr,0,239,60,4.821637332766436e-16,0,0.5810546874999997,1.518,1.4017985476558559,13
Random498,8-95013641-A-G,31.74989540040724,genome,6.568230781356734e-06,afr,0,220,60,1.801333634211548,0.462,0.6636238098144533,-1.528,1.4017985476558559,21
Random498,8-95013651-G-A,31.73957490725503,genome,1.9711942809083264e-05,nfe,1.171e-05,3195,59.90968121190949,1.7156860881294707,0.17,1,0.615,0.6300674786602716,205
Random498,8-95013654-C-T,31.728738389445205,genome,1.9724125235045827e-05,nfe,1.171e-05,4660,60,4.821637332766436e-16,0.262,1,0.51,0.6883476507753904,184
Random498,8-95013654-C-A,31.728738389445205,genome,6.574708411681942e-06,afr,0,4660,60,1.7310257114968117,-0.373,0.893853094835023,1.152,0.8337284540480596,131
Random498,8-95013655-G-A,31.729128894591504,genome,1.9707540104844112e-05,afr,7.98e-06,3836,60,0.9663291819398989,0.175,1,1.068,0.7214487353845698,252
Random498,8-95013670-T-C,31.71964519818136,genome,1.3139050572205653e-05,nfe,4.88e-06,515,60,0,0.849,0.4048728942871092,0.053,0.7042580649441011,51
Random498,8-95013672-G-A,31.712392959750076,genome,6.572374993427625e-06,afr,0,263,60,1.619149413765786,-0.12,0.18493334203958525,1.75,1.3022837365694993,28
Random498,8-95013675-A-G,31.147903824161112,genome,0.1431154417662761,afr,0.15007387000000003,28438626,59.99596567944687,9.643274665532871e-16,-0.021,1,0.355,0.7054393045563966,1346393
Random498,8-95013676-T-C,31.14323170901788,genome,3.946433739377516e-05,afr,4.7459999999999976e-05,28445399,60,N/A,0.517,1,0.899,0.8503678242802442,363
Random498,8-95013676-T-G,31.14323170901788,genome,0.1430656742326609,afr,0.14996836000000002,28445399,59.995949640008625,9.643274665532871e-16,0,1,0.312,0.7097127620022,1345853
Random498,8-95013689-C-T,31.247343170343925,genome,1.3145095564844756e-05,afr,0,1678,60,2.2662290906820224,-0.393,0.6776394844055177,0.842,0.5090218278682199,127
Random498,8-95013700-T-C,31.251429527767705,genome,1.9721791264561254e-05,afr,0,1452,60,4.2627151004091735,-0.369,0.8505540192127234,0.722,0.7517180499491181,127
Random498,8-95013707-A-G,31.260648238542856,genome,1.9709870703248187e-05,nfe,4.88e-06,2919,60,5.99471423183828,-0.114,1,1.546,0.7872967526127469,244
Random498,8-95013709-A-G,31.260411146132604,genome,1.314060446780552e-05,nfe,4.88e-06,1360,60,10.512970651355714,0.218,1,0.607,1.1775869222288633,112
Random498,8-95013711-G-A,31.370575437226297,genome,0.29636425818502293,nfe,0.35524343999999974,45123689,59.996428694566156,0,-0.018,1,0.31,0.6814299575237361,2575354
Random498,8-95013712-T-A,31.31066079049399,genome,6.573757559821194e-06,afr,0,1191,60,4.927009418136691,-0.578,0.405032246140763,0.257,0.7389986324792199,68
Random498,8-95013713-A-G,31.31502608016513,genome,6.568748522031582e-06,afr,0,429,60,1.7476069203113704,0.537,0.3074562549591067,1.312,0.38706774296844837,24
Random498,8-95013715-A-G,31.314328749546736,genome,6.5696116045619385e-06,afr,0,379,60,6.106966271258527,-1.855,1,0.589,0.13157635778871915,29
Random498,8-95013719-T-C,31.315123706451704,genome,7.888094236432477e-05,nfe,9.046999999999999e-05,9920,60,3.2032768312360154,-0.137,0.8829959121223993,0.402,0.5941047075124766,683
Random498,8-95013720-A-G,31.31943320967337,genome,1.3141295206055508e-05,afr,8e-06,899,60,0,-0.044,0.4582583196461206,0.57,0.6931471805599453,48
Random498,8-95013721-T-C,31.31799670859948,genome,7.225623374234741e-05,eas,0.0011909699999999943,8276,60,1.1019800427552602,0.157,1,0.139,0.7173618887074769,674
Random498,8-95013723-T-G,31.318749825667346,genome,0.003434823727210634,nfe,0.0049831400000000005,485718,59.99479900357463,0,-0.015,1,0.407,0.7120015751805818,35309
Random498,8-95013734-T-C,31.329084265431927,genome,6.565557087518876e-06,afr,0,726,60,5.948206796855305,-1.055,0.44079906734259705,-1.233,0.5126757630541523,42
Random498,8-95013736-T-C,31.333268249142282,genome,1.3141122514685205e-05,afr,0,1330,60,9.049406407032134,-0.217,1,0.929,0.969231647779448,109
Random498,8-95013737-A-G,31.336950154807397,genome,6.563660947530095e-06,afr,0,1911,60,0.6106963362481101,0.572,1,0.75,0.775171843774453,148
Random498,8-95013742-G-T,31.3362109843519,genome,6.571511184712037e-06,afr,0,689,60,1.3228015615544173,-0.893,0.18774155899882355,-0.861,0.5757980785185288,37
Random498,8-95013753-A-T,31.343002984575048,genome,6.569266344334665e-06,afr,0,267,60,2.017064844178899,0.34,1,0.567,0.19702770418364995,20
Random498,8-95013755-T-C,31.323184848400324,genome,6.57825492053468e-06,afr,0,3080,60,4.703069890946776,0.12,0.7913664277791818,0.899,0.9897696853879943,213
Random498,8-95013757-G-C,31.339432651808874,genome,6.5733254453427986e-06,afr,0,2244,60,4.973565345362103,-1.04,1,0.974,0.3915622029391729,148
Random498,8-95013764-A-G,31.34805165825221,genome,0.00013782964256179363,eas,0.0025540200000000097,14784,60,2.450240252445652,0.219,1,0.528,0.509324076869308,1246
Random498,8-95013769-T-G,31.343323756659508,genome,6.572288602337106e-06,afr,0,392,60,5.0233815722345945,1.617,0.49955983320251074,-1.317,0.9243010702211306,35
Random498,8-95013773-G-A,31.34277983877716,genome,1.314267690043108e-05,afr,8e-06,1447,59.8620034701434,0.707117679605021,-0.793,1,-0.512,0.7763898909641526,110
Random498,8-95013783-G-C,31.344955510306548,genome,6.570215897294385e-06,afr,0,285,60,3.6528122833184784,1.157,0.8450189828872677,0.077,0.7597668679013411,26
Random498,8-95013788-T-C,31.344007140665532,genome,1.3145786775338504e-05,nfe,4.88e-06,716,60,2.20917912828204,0.056,0.16275565745308987,1.104,1.0216512475319812,56
Random498,8-95013790-G-A,31.342612479428748,genome,1.3142158730993153e-05,afr,0,1282,60,17.314438002981017,0.356,1,-0.623,1.4154573318253099,102
Random498,8-95013814-A-G,31.341915148810354,genome,2.629433882885015e-05,afr,3.246e-05,2519,60,3.2630880145549632,0.306,1,-0.148,0.48302006721375573,185
Random498,8-95013816-C-T,31.344118713564477,genome,1.974099810486418e-05,afr,1.923e-05,2801,60,0.510813656282062,0.023,1,0.244,0.7701987066916887,209
Random498,8-95013825-T-G,31.338079830409193,genome,6.5877020777612356e-06,afr,0,328,60,5.294576038940553,1.077,0.07295138851623062,0.585,0.4421971173768944,38
Random498,8-95013832-G-A,31.362458508828205,genome,1.9725681522296597e-05,afr,1.922e-05,1799,60,7.116253505561273,-0.553,1,0.398,0.8955006016996759,118
Random498,8-95013837-A-G,31.357103009678948,genome,6.583625207384194e-06,afr,0,1490,60,0.7051651056886661,-0.939,1,-0.015,0.804047876593387,111
Random498,8-95013849-G-C,31.385163593763075,genome,6.577735680269424e-06,afr,0,2693,60,0,-0.254,0.11727520595741274,2.287,0.7148846263877897,159
Random498,8-95013851-G-A,31.386195643078295,genome,1.315650984106936e-05,amr,2.265e-05,1665,60,18.98537237812802,0.576,1,1.756,0.9571974767124656,145
Random498,8-95013852-G-T,31.38414549106022,genome,6.572288602337106e-06,afr,0,659,60,6.057119996131052,0.817,0.6636238098144533,0.249,1.5679762575924832,58
Random498,8-95013859-G-C,31.387074279657472,genome,6.578428018840618e-06,afr,0,467,60,2.6119427415441114,0.896,1,-0.654,0.5449765270670206,34
Random498,8-95013862-C-G,31.38130038213718,genome,6.575486586007364e-06,afr,0,1734,60,3.1338820503347886,1.345,0.5223973804968409,0.783,1.1561320797270496,69
Random498,8-95013894-A-C,31.400518813980085,genome,1.3143022369424073e-05,afr,0,1331,60,3.2972964806571903,-0.582,0.8641662404406824,1.209,0.8198104232916525,125
Random498,8-95013899-C-T,31.398301302613596,genome,1.972879483368626e-05,afr,8.01e-06,2648,60,9.643274665532871e-16,-0.014,1,0.529,0.7296268728115436,199
Random498,8-95013910-T-A,31.397799224568352,genome,0.00022998475529622037,afr,0.0003581900000000003,31187,60,0,0.061,1,0.227,0.6947980208228223,2286
Random498,8-95013913-C-T,31.39866391453516,genome,6.579639962101274e-06,afr,0,432,60,8.8727711688815,-0.11,0.7110711038112644,1.074,0.09317722485418334,29
Random498,8-95013918-T-A,31.401564809907672,genome,6.57418973111564e-06,afr,0,2217,60,5.437945180013438,0.789,1,0.974,0.9290200675116087,95
Random498,8-95013919-A-G,31.409430699283146,genome,6.571165724799579e-06,afr,0,1606,60,1.572223526489184,0.167,1,0.419,0.8708876820936806,106
Random498,8-95013920-C-T,31.39457755711138,genome,6.574103292310929e-06,afr,0,632,60,3.0171479068274327,0.308,0.2429849540349096,0.146,1.329135947279942,36
Random498,8-95013922-A-G,31.40809182449583,genome,3.286230693394676e-05,afr,8e-06,5873,60,0,-0.181,1,0.735,0.6818974198759008,374
Random498,8-95013939-C-T,31.421117960447408,genome,1.3144404427035411e-05,afr,0,1073,60,9.643274665532871e-16,0.793,1,-1.133,0.7148173380923613,69
Random498,8-95013944-A-G,31.42761708181083,genome,1.9692792437967703e-05,sas,7.292999999999998e-05,1200,60,1.7641886906297493,-0.138,1,-0.344,0.7166029218800152,86
Random498,8-95013945-T-C,31.4237678167973,genome,0.00013791291784330466,afr,0.0003380000000000001,11245,60,3.2036650802052002,-0.119,1,0.648,0.8124978081409322,934
Random498,8-95013947-C-T,31.42375387018493,genome,6.5715975553657095e-06,afr,0,711,60,4.821637332766436e-16,0.439,0.5412561893463133,0.908,0.6648109747394982,59
Random498,8-95013949-C-T,31.42700343086664,genome,2.6284662899198317e-05,afr,3.2500000000000004e-05,1198,60,3.7920366632485187,-0.268,0.86793940042844,0.761,0.7474828942469234,97
Random498,8-95013951-C-T,31.423656243898357,genome,6.5714248163286764e-06,afr,0,231,60,7.196232034960066,0.417,0.3074562549591067,1.729,2.3908248818434537,24
Random498,8-95013959-A-G,31.43110373490279,genome,6.569180034948038e-06,afr,0,557,60,3.2201602603724777,-1.283,0.6075913612730799,-0.104,0.26898993943962846,34
Random498,8-95013960-T-C,31.430322724610193,genome,6.570993008463439e-06,afr,0,360,60,4.821637332766436e-16,-0.536,0.5113757815852293,-0.077,0.8385168604810003,37
Random498,8-95013962-C-G,31.42877465063736,genome,0.00030871901315011625,afr,0.0008321300000000003,36798,60,1.099865962490409,0.122,1,0.247,0.6309356638454542,2726
Random498,8-95013965-T-C,31.42955566092996,genome,1.3144922773578704e-05,nfe,4.88e-06,1305,60,1.5636892770647537,0.14,0.8505540192127234,-0.26,0.7519938500899216,105
Random305,6-23032462-T-C,31.324147164653706,genome,6.570820301206403e-06,afr,0,771,60,0.9187920814574515,0.502,1,-0.502,0.569255649945672,67
Random305,6-23032465-T-G,31.32548603944102,genome,7.882808907574065e-05,eas,0.001337949999999996,242671,60,0,-0.311,1,0.431,0.6475815618764187,1297
Random305,6-23032474-C-T,31.249602521547516,genome,6.589612135429708e-06,afr,0,3335,60,6.533100523586571,0.23,0.8877248273407867,0.839,0.5742065805265666,218
Random305,6-23032475-T-A,31.258193634766116,genome,1.3166556945358788e-05,sas,7.292999999999998e-05,2729,60,0.4907427330402704,0.06,1,1.375,0.7145586409821443,203
Random305,6-23032480-A-T,31.323951912080556,genome,6.570820301206403e-06,afr,0,492,60,2.9866285724031814,0.38,0.86793940042844,-0.507,1.238555374056172,36
Random305,6-23032481-T-G,31.320311846252544,genome,3.2857124081643385e-05,afr,4.738999999999997e-05,3624,60,4.555322753458872,-0.281,1,-0.277,0.8842322373587389,295
Random305,6-23032486-T-C,31.323700873057934,genome,6.570561257342603e-06,afr,0,686,60,1.0176720412820135,-0.4,0.8145294189453126,1.377,0.4648126646787656,59
Random305,6-23032492-A-G,31.32476081559789,genome,1.3139395850578791e-05,nfe,4.88e-06,1124,60,2.6513623249129568,-0.496,0.8746293123804204,-0.615,0.5236762188068042,98
Random305,6-23032495-T-C,31.512635630805278,genome,0.1046195295045341,sas,0.13540246000000014,14693651,59.99672962073722,0,-0.023,1,0.354,0.6960395548562769,999352
Random305,6-23032502-G-A,31.562801595492456,genome,0.01380366082808825,afr,0.021008350000000012,2147671,59.99818421276595,0,-0.032,1,0.307,0.6736159646431953,153531
Random305,6-23032505-G-A,31.56381969819531,genome,6.5740168557792186e-06,afr,0,237,60,0,0.11,0.09873714670538894,-0.154,0.5273549257172012,30
Random305,6-23032513-T-C,31.567362137736744,genome,2.626947224630257e-05,afr,3.243e-05,1559,60,0,0.251,0.5966148958541458,-0.171,0.702600822246884,120
Random305,6-23032523-T-G,31.572578170762323,genome,6.570733950982325e-06,afr,0,1438,60,0.7232813429521616,0.774,1,0.492,0.7949120037488233,108
Random305,6-23032528-T-C,31.57381941926306,genome,2.6274648905004006e-05,nfe,1.171e-05,3779,60,0.8988681367275453,-0.615,1,0.534,0.7505758902240037,267
Random305,6-23032533-G-A,31.577640791051852,genome,0.0020621264858475077,eas,0.008707239999999906,348632,59.995855139542385,3.3751461329365063e-15,0.014,1,0.31,0.6833206923618907,24937
Random305,6-23032542-C-T,31.575074614376167,genome,1.3133701076963488e-05,afr,0,2887,60,0.5297965427554953,0.439,0.8505540192127234,0.345,0.638347654387706,192
Random305,6-23032543-C-A,31.570486178907142,genome,4.5999973714300736e-05,sas,0.0006821200000000021,6535,60,4.930695065782851,-0.304,1,0.235,0.9928012266307276,431
Random305,6-23032548-G-A,31.576064823854285,genome,6.572374993427625e-06,afr,0,325,60,12.381357500445652,0,0.6476058959960941,-1.497,4.174387269895637,19
Random305,6-23032557-A-G,31.582047920560097,genome,2.6269817293420724e-05,nfe,1.9720000000000004e-05,3036,60,7.435953376288451,1.933,0.7428293587290676,0.798,0.9942773658444104,223
Random305,6-23032559-T-C,31.57128113581211,genome,6.576783952647156e-06,afr,0,558,60,9.643274665532871e-16,0.211,1,1.194,0.7839392803894809,39
Random305,6-23032562-A-T,31.58319154277426,genome,0.00017065294441964872,sas,0.003773510000000011,18431,60,0.5209058366665907,-0.02,1,0.161,0.6818243208673832,1290
Random305,6-23032565-C-T,31.58027670078938,genome,0.00041361380288347906,sas,0.007167680000000004,60520,59.99461165058296,1.0951272318121188,-0.042,1,0.415,0.7948011514277198,4531
Random305,6-23032566-G-A,31.57610666369139,genome,4.5981239654221075e-05,nfe,2.8470000000000004e-05,6883,60,1.105084242176392,0.095,1,-0.183,0.6053245646836787,535
Random305,6-23032578-A-G,31.58683160860227,genome,6.564177967993068e-06,afr,0,492,60,4.821637332766436e-16,-0.162,1,1.711,0.5822845877481357,33
Random305,6-23032581-G-A,31.585813505899416,genome,6.5696979252893955e-06,afr,0,785,60,1.4209412671934536,1.062,0.01385296526132153,0.547,0.3704743815122513,38
Random305,6-23032584-G-T,31.5809182449583,genome,3.286144301168553e-05,nfe,1.171e-05,4344,60,5.339971610188722,0.073,1,0.268,0.9537434049483922,365
Random305,6-23032585-C-T,31.58917463948007,genome,6.570820301206403e-06,afr,0,242015,60,N/A,-0.238,0.02753315582958752,0.294,0.78345082922013,41
Random305,6-23032585-C-A,31.58917463948007,genome,0.0018318625906082573,afr,0.005881010000000002,242015,59.99972211111773,0,0.022,1,0.248,0.6981671869604144,17597
Random305,6-23032590-A-G,31.592717079021504,genome,1.3139223209123877e-05,sas,7.281999999999998e-05,1717,60,0,0.655,1,1.122,0.6941232665330008,124
Random305,6-23032591-T-C,31.603818582466317,genome,0.001988998148853208,nfe,0.0033003100000000003,322511,59.99675212877496,0,0.017,1,0.417,0.6906042050442018,23827
Random305,6-23032597-C-A,31.594153580095394,genome,6.5715975553657095e-06,afr,0,4057,60,0.5189447713558516,0.1,1,0.75,0.7637983708648495,172
Random305,6-23032598-T-C,31.598700175727316,genome,6.568921120395186e-06,afr,0,749,60,1.0259696593442387,1.145,0.6271025701571487,0.675,0.6489780195192145,55
Random305,6-23032604-C-A,31.593679395274886,genome,6.566764292562482e-06,afr,0,295,60,5.791503055089386,-0.787,0.2649308964610102,0.921,1.1000926738385437,29
Random305,6-23032608-T-C,31.598323617193383,genome,6.5684896414918355e-06,afr,0,431,60,1.3443242614969055,0.017,0.7358788008568805,-0.315,1.1121260078348325,35
Random305,6-23032623-T-C,31.592577612897827,genome,6.570215897294385e-06,afr,0,254,60,0,0.106,1,-0.669,0.5685047353526687,21
Random305,6-23032626-C-A,31.587389473096984,genome,1.3145786775338504e-05,nfe,4.88e-06,1184,59.79587920426726,1.7903294765676128,0.626,1,0.734,0.4559047048662338,51
Random305,6-23032636-C-T,31.55411285598728,genome,0.05788463813065934,afr,0.13375231,7508786,59.99713080504462,0,0,1,0.327,0.6870554674635269,512649
Random305,6-23032643-T-A,31.608797523081645,genome,1.9707281183487928e-05,afr,7.99e-06,3140,60,1.594471800439408,-0.415,1,0.015,0.8261638978100713,231
Random305,6-23032652-C-A,31.605213243703105,genome,6.57384398953444e-06,afr,0,1210,60,0,-0.117,1,0.266,0.68521075643862,86
Random305,6-23032656-G-A,31.597598393350257,genome,0.0027870167089539483,afr,0.00921025,307217,59.99371792509771,4.821637332766436e-16,-0.033,1,0.341,0.6766730824057344,22914
Random305,6-23032667-A-T,31.619396948481214,genome,1.3141640602412806e-05,afr,8e-06,997,60,3.1482530153201655,0.046,0.8505540192127234,0.08,1.120506273302846,73
Random305,6-23032670-T-C,31.621600513235336,genome,2.6278446418247754e-05,afr,0,2457,60,11.183995541817602,0.135,0.8746293123804204,0.58,0.7260515874146243,180
Random305,6-23032674-G-A,31.61519901815849,genome,6.574535509066285e-06,afr,0,483,60,4.540922306922843,0.759,0.26818725105477,-2.14,0.2407568977864284,40
Random305,6-23032678-T-C,31.620498730858273,genome,6.571252086372537e-06,afr,0,545,60,2.6361787369738354,-0.731,0.8746293123804204,0.704,0.5610904969477079,40
Random305,6-23032681-T-C,31.621544726785864,genome,6.570043230884459e-06,afr,0,311,60,1.7058365339020434,0.174,0.8388197422027589,0.927,0.292876889328885,24
Random305,6-23032684-C-A,31.6192295891328,genome,6.572806982950139e-06,afr,0,201,60,0,0.663,1,0.201,1.269760544863939,14
Random305,6-23032685-T-A,31.622897548185545,genome,6.569870573549701e-06,afr,0,429,60,1.5292235766142093,-0.819,0.4582583196461206,-0.376,0.3228364588771832,29
Random305,6-23032686-C-T,31.623092800758695,genome,7.881048704880996e-05,afr,0.00016625999999999997,8760,60,1.7406461345769522,0.43,1,0.52,0.6995795577018994,614
Random305,6-23032690-A-G,31.620749769880895,genome,2.6297450462177693e-05,afr,1.92e-05,3192,60,5.274433469277743,0.202,1,1.532,0.67754255219568,232
Random305,6-23032692-G-A,31.6196200942791,genome,6.574967782657865e-06,afr,0,526,60,2.88350242182661,-0.671,1,-0.029,1.2433102263391662,38
Random305,6-23032693-T-A,31.623762238152352,genome,6.56400561878881e-05,afr,0.00011235999999999997,10333,60,1.74143460800673,0.115,1,0.8,0.8600843149519042,733
Random305,6-23032695-T-C,31.628183314272963,genome,0,afr,0,280,60,1.7467922416518848,0.398,8.364584573428174e-06,0.436,1.329135947279942,40
Random305,6-23032695-T-G,31.628183314272963,genome,6.569525286102826e-06,afr,0,280,60,0,-2.293,0.6290588378906251,-1.317,0.9409833444645265,17
Random305,6-23032701-G-T,31.624124850073915,genome,6.571165724799579e-06,afr,0,312,60,0,-0.68,1,-0.299,0.8591323180342064,25
Random305,6-23032702-T-C,31.62416668991102,genome,6.569870573549701e-06,afr,0,272,60,1.6029883880626588,-0.231,0.8318119049072269,1.088,1.085189268335969,22
Random305,6-23032704-G-C,31.625896069844636,genome,2.6287426723798008e-05,amr,5.287e-05,2571,60,7.545760787687743,0.227,1,0.647,0.6182226984444824,220
Random305,6-23032720-T-A,31.627583609941144,genome,9.189969804384928e-05,nfe,0.00011226999999999998,12398,60,4.023116709017796,0.295,1,0.019,0.7037346209261037,1003
Random305,6-23032723-T-C,31.628099634598755,genome,1.3127666557269446e-05,afr,0,1956,60,4.821637332766436e-16,0.305,0.4243562221527103,0.355,0.7088205274675266,121
Random305,6-23032724-T-C,31.629787174695267,genome,0.00011815365226067321,eas,0.002244470000000014,12491,60,2.447299880290344,0.207,1,0.649,0.8705032617151102,894
Random305,6-23032729-T-C,31.62487796714178,genome,6.569180034948038e-06,afr,0,384,60,1.3972200646521247,-1.669,0.5234670639038087,0.267,0.7986526561247779,22
Random305,6-23032730-G-A,31.620359264734596,genome,6.574881323392112e-06,afr,0,824,60,2.048878175365842,0.394,0.7708669945730277,0.288,0.44998204306856676,47
Random305,6-23032731-C-T,31.62496164681599,genome,0.0009392199876522128,afr,0.002825640000000002,108351,59.997611371636374,2.410818666383218e-15,-0.083,1,0.398,0.6581728386707968,8044
Random305,6-23032736-C-T,31.62228389724136,genome,6.5722022135177055e-06,afr,0,660,60,11.542103874289829,-1.622,0.17546524899080396,-0.632,0.0606246218164348,35
Random305,6-23032740-C-T,31.6243479958718,genome,0.0014977140154501024,afr,0.004133440000000001,187038,59.998792038907254,1.446491199829931e-15,0,1,0.262,0.6866522062422566,14236
Random305,6-23032748-A-G,31.623664611865777,genome,6.5740168557792186e-06,afr,0,331,60,5.153205375494578,0.825,0.31050465907901514,0.589,1.2147625117473162,35
Random305,6-23032758-C-T,31.61525480460796,genome,6.57834146854895e-06,afr,0,1486,60,1.6150852767313766,0.528,1,-0.133,0.8908269745224071,72
Random305,6-23032770-C-T,31.62451535522022,genome,6.570215897294385e-06,afr,0,920,60,6.315087878571051,0.792,0.86793940042844,0.957,1.4660463119513238,72
Random305,6-23032776-T-C,31.62168419290954,genome,6.570906653700077e-06,afr,0,399,60,0,-0.298,0.3074562549591067,-0.775,0.8826237292789441,24
Random305,6-23032777-T-G,31.621070541965356,genome,1.9699775422560183e-05,sas,7.295999999999999e-05,3732,60,11.352667997708652,0.29,1,0.717,0.8026902580309152,246
Random305,6-23032778-A-C,31.624334049259435,genome,3.284805802280969e-05,afr,4.737999999999998e-05,3370,60,3.6706904682178285,-0.361,1,0.084,0.6847049865694679,231
Random305,6-23032782-G-A,31.6231346405958,genome,6.5710793654965765e-06,afr,0,474,60,13.248814919469613,-0.37,0.4420683383941653,0.864,0.9397680717253316,27
Random305,6-23032791-A-G,31.624375889096537,genome,6.569870573549701e-06,afr,0,868,60,5.493660186825613,0.511,0.5044037600228254,0.429,0.8391906504601305,56
Random305,6-23032793-T-C,31.613525424674346,genome,6.571943060685322e-06,afr,0,776,60,13.35299808600679,1.659,0.5323087760278447,0.121,1.6075358779554494,64
Random305,6-23032805-T-C,31.61921564252043,genome,6.5704749139267785e-06,afr,0,587,60,12.016284325397205,-0.065,1,2.308,1.346033566452978,41
Random305,6-23032807-T-C,31.621126328414828,genome,6.569525286102826e-06,afr,0,489,60,1.3557357243385229,0.31,1,0.241,0.9934832277040605,34
Random305,6-23032808-A-G,31.619647987503836,genome,6.570129562954982e-06,afr,0,355,60,3.470528368203491,0.041,1,1.369,0.19862670452612466,30
Random305,6-23032812-C-T,31.618337005941257,genome,0.0001511328391946591,nfe,0.00010173999999999997,15073,59.98501011793631,0.5209058366665853,0.121,1,0.079,0.7686544282150908,1102
Random305,6-23032815-T-C,31.61950852138016,genome,1.3132321269107528e-05,afr,7.97e-06,1589,60,3.5052062614431927,0.119,0.5715881884098056,0.49,0.8298200597675912,99
Random305,6-23032815-T-A,31.61950852138016,genome,6.571252086372537e-06,afr,0,1589,60,1.163606147592541,-0.251,0.5846647117286928,0.67,0.7256863659118417,30
Random305,6-23032820-G-A,31.616942344704473,genome,0.0010705372389334033,nfe,0.0014940199999999993,246064,59.99797953233929,0.5208829732757052,-0.026,1,0.38,0.7600420219426454,13089
Random305,6-23032827-C-T,31.61748626258682,genome,6.5726341803267915e-06,afr,0,2446,60,2.5424540459936305,0.042,1,0.997,0.758872921842769,182
Random305,6-23032828-C-A,31.61628685392318,genome,6.575140708011152e-06,afr,0,496,60,1.9286549331065747e-15,0.135,0.8746293123804204,0.731,0.5399822080574463,40
Random305,6-23032829-C-T,31.614111182393795,genome,0.00166808957772378,nfe,0.0013716899999999996,280300,59.996501067833194,0,-0.049,1,0.32,0.7090557241798705,15504
Random305,6-23032832-C-A,31.61501771219771,genome,6.5733254453427986e-06,afr,0,10189,59.90473205913639,2.4429769777114387,1.443,1,0.494,0.942970037995145,180
Random305,6-23032832-C-T,31.61501771219771,genome,3.284072249589491e-05,nfe,1.171e-05,10189,60,2.4875278079649585,-0.548,1,0.701,0.8594178052567508,605
Random305,6-23032833-G-A,31.61194945747678,genome,0.00021021376111833722,afr,0.00047824000000000033,34193,60,1.093932842706363,-0.079,1,0.522,0.6048262064089214,2366
Random305,6-23032834-G-A,31.616509999721067,genome,6.570906653700077e-06,afr,0,1524,60,6.690668611939793,0.109,1,-0.021,0.6546278506336564,117
Random305,6-23032836-G-C,31.61342779838777,genome,6.570388572780194e-06,afr,0,313,60,3.9758939416276036,0.585,1,0.585,1.8021222562636017,23
Random305,6-23032837-A-C,31.616858665030264,genome,6.565384665887574e-06,afr,0,469,60,12.160843199644642,0.066,0.7110711038112644,-1.294,0.9561340050662208,29
Random305,6-23032849-T-G,31.60850464422192,genome,1.3142331449599158e-05,nfe,4.88e-06,3279,60,1.5124152775790511,-0.978,0.7436441861052046,0.446,0.8240274401597736,244
Random305,6-23032860-A-G,31.608853309531113,genome,6.570129562954982e-06,afr,0,197,60,0,0.345,0.05223898589611053,-0.186,0.4462871026284194,27
Random305,6-23032863-T-C,31.607291288945916,genome,1.3130941751142392e-05,afr,0,834,N/A,0,-0.8,N/A,-0.4,0.5437767239056766,26
Random305,6-23032866-G-A,31.603246771359238,genome,2.6292264815691224e-05,nfe,1.9720000000000004e-05,2103,60,0.6327996725823032,0.323,0.8600500659085822,0.438,0.6262142136344153,136
Random305,6-23032868-G-A,31.60769574070458,genome,3.282563025210084e-05,nfe,2.8460000000000005e-05,4839,60,4.388871479571829,0.213,1,0.425,0.5602459267697599,389
Random305,6-23032871-A-G,31.60432066051156,genome,6.569352655989279e-06,afr,0,973,60,7.64386353118165,-0.668,1,1.261,1.0165296478862138,74
Random305,6-23032889-T-C,31.597012635630804,genome,6.570993008463439e-06,afr,0,305,60,3.3190896356935538,1.162,0.7110711038112644,0.417,0.28256697178501045,29
Random305,6-23032890-G-T,31.597486820451312,genome,6.571511184712037e-06,afr,0,231,60,5.684169557811483,0.344,0.13604594767093653,0.711,0.8495944604036885,29
Random305,6-23032895-G-A,31.597333407715265,genome,6.571683928289785e-06,afr,0,378,60,9.585169779757386,-0.952,0.8450189828872677,-0.231,0.0717439048588413,26
Random305,6-23032898-A-G,31.59743103400184,genome,6.570733950982325e-06,afr,0,464,60,0,0.581,0.5223973804968409,1.204,0.6333554538092361,39
Random305,6-23032900-T-C,31.59743103400184,genome,1.9710906701708278e-05,nfe,1.17e-05,3053,60,6.411683555522117,0.335,0.893853094835023,0.377,0.9201864617901784,224
Random305,6-23032912-T-C,31.59203369501548,genome,6.570733950982325e-06,afr,0,663,60,1.032700670491432,1.321,0.6476058959960941,0.969,0.9827023064444084,57
Random305,6-23032914-C-T,31.588365735962736,genome,6.572979794660111e-06,afr,0,346,60,0,0.652,0.3770855874754487,1.573,0.8178506590609027,32
Random305,6-23032925-C-T,31.58149005606538,genome,0.000203730234881245,nfe,0.00023031999999999998,38742,60,0,0.076,1,0.32,0.7192960793294103,2748
Random305,6-23032931-C-A,31.581671362026164,genome,1.3129217761205787e-05,amr,2.258e-05,4227,60,2.610850896290833,0.077,0.7011080384254461,1.025,0.5177222028250509,126
Random305,6-23032931-C-T,31.581671362026164,genome,1.3139395850578791e-05,afr,8e-06,4227,60,4.562917547365588,-0.09,1,0.558,0.9933300873998805,180
Random305,6-23032938-A-G,31.57934227776073,genome,1.3138014845956775e-05,afr,0,1507,60,1.1837923778092105,1.197,0.6476058959960941,-2.492,0.9562060655016125,35
Random305,6-23032938-A-T,31.57934227776073,genome,6.569007422978388e-06,afr,0,1507,60,8.490239906664975,0.486,0.6654658120766214,-0.119,1.1853751538784674,72
Random305,6-23032940-A-G,31.579077292125742,genome,1.3141295206055508e-05,afr,0,494,60,0,-0.272,0.4806823730468753,-2.606,0.8178506590609025,34
Random305,6-23032943-G-T,31.57517224066274,genome,1.3143195110731419e-05,nfe,4.88e-06,2907,60,1.7321591899112572,0.167,0.8714146793645334,1.088,0.8235658013975791,181
Random305,6-23032946-C-T,31.57383336587543,genome,6.570388572780194e-06,afr,0,455,60,8.652360828170616,0.736,1,1.85,1.9810014688665833,47
Random305,6-23032965-C-T,31.565144626370255,genome,6.570215897294385e-06,afr,0,610,60,2.9275328182161258,-0.542,0.8746293123804204,1.923,1.370869890794259,40
Random305,6-23032974-A-G,31.559412568687065,genome,1.3130252100840337e-05,eas,6.839999999999998e-05,1732,60,2.90535368679753,0.603,0.5323087760278447,0.89,0.7961009541149517,148
Random305,6-23032975-T-G,31.55534015787565,genome,6.566505568396722e-06,afr,0,203,N/A,1.7995534213462787,0.728,0.10775214433670058,0.728,1.3557594168583138,25
Random305,6-23032977-T-C,31.555911968982734,genome,6.569784248285286e-06,afr,0,455,60,0,0.814,0.4420683383941653,0.518,0.5508309583796898,27
Random305,6-23032978-C-A,31.55743214973083,genome,7.221069768663183e-05,afr,0.00014829999999999997,10773,60,1.0964665690352906,0.383,1,-0.133,0.7976252885380128,803
Random267,Y-16105710-A-T,7.684527628239101,genome,5.9781796442983113e-05,afr,4.130999999999999e-05,1507,60,N/A,N/A,N/A,N/A,0.6931471805599453,46
Random267,Y-16105726-A-T,7.689924967225461,genome,0,afr,0,170,60,0,N/A,N/A,N/A,0.22314355131420982,4
Random267,Y-16105748-A-T,7.688279266966054,genome,2.985965959988056e-05,afr,0,1662,60,N/A,N/A,N/A,N/A,1.2245104555434843,49
Random267,Y-16105778-T-A,7.6945134026944855,genome,5.9474247650767217e-05,nfe,2.532e-05,4781,60,2.864733549767476,0.884,N/A,1.237,1.2439781389396352,143
Random267,Y-16105786-G-T,7.672728794175895,genome,0,afr,0,407,60,3.679767852945945,0,N/A,0.744,0.9162907318741553,14
Random267,Y-16105824-T-C,7.6914033081364535,genome,2.9662148132767776e-05,afr,0,348,60,N/A,N/A,N/A,N/A,2.302585092994046,10
Random267,Y-16105825-T-A,7.690915176703578,genome,2.9658629178159384e-05,afr,0,679,60,N/A,N/A,N/A,N/A,1.329135947279942,22
Random267,Y-16105828-C-G,7.679632367297983,genome,0,afr,0,149,60,0,N/A,N/A,N/A,0.5508309583796898,4
Random267,Y-16105844-C-G,7.663147471479178,genome,2.9891791713995336e-05,afr,0,386,60,N/A,N/A,N/A,N/A,1.085189268335969,10
Random267,Y-16105870-A-T,7.652506206242504,genome,2.9965240321227377e-05,afr,0,846,60,1.6540892794653557,N/A,N/A,N/A,0.33392146510180976,24
Random267,Y-16105887-A-C,7.653733508130875,genome,0.0004785833931562575,nfe,0.0005124200000000011,18973,60,N/A,1.504,N/A,-1.273,0.2901737792816689,578
Random267,Y-16105892-G-A,7.627416250592731,genome,3.0193236714975845e-05,afr,0,473,60,0,N/A,N/A,N/A,0.8355675206017139,11
Random267,Y-16105893-C-G,7.632297564921481,genome,0,afr,0,70,60,N/A,N/A,N/A,N/A,2.302585092994046,2
Random267,Y-16105903-C-T,7.615966081838722,genome,0.0004225012071463061,nfe,0.0005722700000000009,21638,60,N/A,N/A,N/A,N/A,0.8153840251121607,639
Random267,Y-16105907-C-T,7.626607347075395,genome,3.015317814497648e-05,afr,0,680,60,N/A,N/A,N/A,N/A,0.9895411936137477,21
Random267,Y-16105908-A-G,7.635644751889766,genome,0.00029980512666766604,amr,0.0012895199999999876,19103,60,2.0676683380945384,0.107,0.038574218750000014,0.456,0.47224588871029055,606
Random267,Y-16105909-T-C,7.628029901536917,genome,6.0210133365445404e-05,nfe,2.552e-05,2148,60,N/A,N/A,N/A,N/A,1.1121260078348327,66
Random267,Y-16105919-T-C,7.635310033192938,genome,3.0020113476028938e-05,afr,0,531,60,N/A,N/A,N/A,N/A,0.9409833444645265,16
Random267,Y-16105938-G-A,7.626928119159856,genome,3.026359592046727e-05,afr,0,322,60,N/A,N/A,N/A,N/A,0.6931471805599453,10
Random267,Y-16105945-T-A,7.66254776714736,genome,8.971560154310835e-05,nfe,5.9579999999999995e-05,2802,59.68198856469299,11.700523028386868,N/A,N/A,N/A,0.8254993088907127,80
Random267,Y-16105963-C-A,7.673649270592173,genome,2.9941912689382597e-05,afr,0,755,60,1.7859440420948554,1.589,0.2890625000000001,0,0.3524158870183489,29
Random267,Y-16105971-G-C,7.684318429053583,genome,2.9843619434164974e-05,afr,0,750,60,0,N/A,N/A,N/A,0.8591323180342065,22
Random267,Y-16106014-G-T,7.7343030877799785,genome,2.9578797917652626e-05,afr,0,427,60,N/A,N/A,N/A,N/A,0.8355675206017139,13
