Gene,Genome,Chromosome,Start Location,Length,Alignment Score
BLACE,HG00438,chr7,155367809,125,42
BLACE,HG00621,chr7,155308850,125,42
BLACE,HG00673,chr7,155314729,125,42
BLACE,HG00733,chr7,155096624,125,42
BLACE,HG00735,chr7,155361075,125,42
BLACE,HG00741,chr7,155355035,125,42
BLACE,HG01071,chr7,155320151,125,42
BLACE,HG01106,chr7,155207964,125,42
BLACE,HG01109,chr7,156147365,125,42
BLACE,HG01123,chr7,155180833,125,42
BLACE,HG01175,chr7,155295395,125,42
BLACE,HG01243,chr7,156510945,125,42
BLACE,HG01258,chr7,155159596,125,42
BLACE,HG01358,chr7,155203556,125,42
BLACE,HG01361,chr7,155187227,125,42
BLACE,HG01891,chr7,157117769,125,42
BLACE,HG01928,chr7,155083701,125,42
BLACE,HG01952,chr7,155242521,125,42
BLACE,HG01978,chr7,155253142,125,42
BLACE,HG02055,chr7,157159962,125,42
BLACE,HG02080,chr7,155273480,125,42
BLACE,HG02109,chr7,156979315,125,42
BLACE,HG02145,chr7,156984187,125,42
BLACE,HG02148,chr7,155044143,125,42
BLACE,HG02257,chr7,156857018,125,42
BLACE,HG02486,chr7,156947576,125,42
BLACE,HG02559,chr7,157018727,125,42
BLACE,HG02572,chr7,157211926,125,42
BLACE,HG02622,chr7,157109092,125,42
BLACE,HG02630,chr7,157151547,125,42
BLACE,HG02717,chr7,157129232,125,42
BLACE,HG02723,chr7,157056099,125,42
BLACE,HG02818,chr7,157104035,125,42
BLACE,HG02886,chr7,157110463,125,42
BLACE,HG03098,chr7,157290251,125,42
BLACE,HG03453,chr7,157220198,125,42
BLACE,HG03486,chr7,157257863,125,42
BLACE,HG03492,chr7,155299351,125,42
BLACE,HG03516,chr7,157147351,125,42
BLACE,HG03540,chr7,157141230,125,42
BLACE,HG03579,chr7,157255657,125,42
BLACE,NA18906,chr7,157175391,125,42
BLACE,NA20129,chr7,156770318,125,42
BLACE,NA21309,chr7,156566883,125,42
FAM30A,HG00438,chr14,105917979,839,42
FAM30A,HG00621,chr14,105819190,839,42
FAM30A,HG00673,chr14,105826827,839,42
FAM30A,HG00733,chr14,105587396,839,42
FAM30A,HG00735,chr14,105934479,839,42
FAM30A,HG00741,chr14,105929190,839,42
FAM30A,HG01071,chr14,105942198,839,42
FAM30A,HG01106,chr14,105664804,839,42
FAM30A,HG01109,chr14,107199924,839,42
FAM30A,HG01123,chr14,105714630,839,42
FAM30A,HG01175,chr14,105813231,839,42
FAM30A,HG01243,chr14,107835528,839,42
FAM30A,HG01258,chr14,105671228,839,42
FAM30A,HG01358,chr14,105625581,839,42
FAM30A,HG01361,chr14,105641069,839,42
FAM30A,HG01891,chr14,108622197,839,42
FAM30A,HG01928,chr14,105496686,839,42
FAM30A,HG01952,chr14,105590853,839,42
FAM30A,HG01978,chr14,105679556,839,42
FAM30A,HG02055,chr14,104003076,839,42
FAM30A,HG02080,chr14,105850800,839,42
FAM30A,HG02109,chr14,108456492,839,42
FAM30A,HG02145,chr14,108494982,839,42
FAM30A,HG02148,chr14,105379508,839,42
FAM30A,HG02257,chr14,108204770,839,42
FAM30A,HG02486,chr14,108331081,839,42
FAM30A,HG02559,chr14,108525023,839,42
FAM30A,HG02572,chr14,108824600,839,42
FAM30A,HG02622,chr14,108755055,839,42
FAM30A,HG02630,chr14,108735436,839,42
FAM30A,HG02717,chr14,108751253,839,42
FAM30A,HG02723,chr14,108663200,839,42
FAM30A,HG02818,chr14,108622135,839,42
FAM30A,HG02886,chr14,108678450,839,42
FAM30A,HG03098,chr14,108984756,839,42
FAM30A,HG03453,chr14,108896908,839,42
FAM30A,HG03486,chr14,108921135,839,42
FAM30A,HG03492,chr14,105916377,839,42
FAM30A,HG03516,chr14,108794535,839,42
FAM30A,HG03540,chr14,108652068,839,42
FAM30A,HG03579,chr14,108838698,839,42
FAM30A,NA18906,chr14,108682677,839,42
FAM30A,NA20129,chr14,108114761,839,42
FAM30A,NA21309,chr14,107808676,839,42
LINC00459,HG00438,chr13,62328756,80,42
LINC00459,HG00621,chr13,62253110,80,42
LINC00459,HG00673,chr13,62251346,80,42
LINC00459,HG00733,chr13,62003678,80,42
LINC00459,HG00735,chr13,62310676,80,42
LINC00459,HG00741,chr13,62323218,80,42
LINC00459,HG01071,chr13,62346802,80,42
LINC00459,HG01106,chr13,62099978,80,42
LINC00459,HG01109,chr13,63522159,80,42
LINC00459,HG01123,chr13,62123001,80,42
LINC00459,HG01175,chr13,62209420,80,42
LINC00459,HG01243,chr13,64121446,80,42
LINC00459,HG01258,chr13,62083762,80,42
LINC00459,HG01358,chr13,62032780,80,42
LINC00459,HG01361,chr13,62041565,80,42
LINC00459,HG01891,chr13,64849635,80,42
LINC00459,HG01928,chr13,61927236,80,42
LINC00459,HG01952,chr13,62047393,80,42
LINC00459,HG01978,chr13,62113223,80,42
LINC00459,HG02055,chr13,64927438,80,42
LINC00459,HG02080,chr13,62241614,80,42
LINC00459,HG02109,chr13,64720525,80,42
LINC00459,HG02145,chr13,64762270,80,42
LINC00459,HG02148,chr13,61820937,80,42
LINC00459,HG02257,chr13,64467161,80,42
LINC00459,HG02486,chr13,64618115,80,42
LINC00459,HG02559,chr13,64788245,80,42
LINC00459,HG02572,chr13,65021639,80,42
LINC00459,HG02622,chr13,64996846,80,42
LINC00459,HG02630,chr13,64978086,80,42
LINC00459,HG02717,chr13,64982323,80,42
LINC00459,HG02723,chr13,64908670,80,42
LINC00459,HG02818,chr13,64871412,80,42
LINC00459,HG02886,chr13,64919832,80,42
LINC00459,HG03098,chr13,65228714,80,42
LINC00459,HG03453,chr13,65136797,80,42
LINC00459,HG03486,chr13,65137193,80,42
LINC00459,HG03492,chr13,62317740,80,42
LINC00459,HG03516,chr13,65022508,80,42
LINC00459,HG03540,chr13,64918325,80,42
LINC00459,HG03579,chr13,65083932,80,42
LINC00459,NA18906,chr13,64930626,80,42
LINC00459,NA20129,chr13,64431524,80,42
LINC00459,NA21309,chr13,64114826,80,42
RNU5D-1,HG00438,chr1,44731069,100,42
RNU5D-1,HG00621,chr1,44725760,100,42
RNU5D-1,HG00673,chr1,44729617,100,42
RNU5D-1,HG00733,chr1,44708814,100,42
RNU5D-1,HG00735,chr1,44722589,100,42
RNU5D-1,HG00741,chr1,44719020,100,42
RNU5D-1,HG01071,chr1,44744690,100,42
RNU5D-1,HG01106,chr1,44737025,100,42
RNU5D-1,HG01109,chr1,44775402,100,42
RNU5D-1,HG01123,chr1,44735966,100,42
RNU5D-1,HG01175,chr1,44713894,100,42
RNU5D-1,HG01243,chr1,44790592,100,42
RNU5D-1,HG01258,chr1,44715751,100,42
RNU5D-1,HG01358,chr1,44717474,100,42
RNU5D-1,HG01361,chr1,44714206,100,42
RNU5D-1,HG01891,chr1,44800150,100,42
RNU5D-1,HG01928,chr1,44717166,100,42
RNU5D-1,HG01952,chr1,44720983,100,42
RNU5D-1,HG01978,chr1,44709993,100,42
RNU5D-1,HG02055,chr1,44810376,100,42
RNU5D-1,HG02080,chr1,44736555,100,42
RNU5D-1,HG02109,chr1,44794978,100,42
RNU5D-1,HG02145,chr1,44815873,100,42
RNU5D-1,HG02148,chr1,44716558,100,42
RNU5D-1,HG02257,chr1,44792488,100,42
RNU5D-1,HG02486,chr1,44767845,100,42
RNU5D-1,HG02559,chr1,44795595,100,42
RNU5D-1,HG02572,chr1,44798523,100,42
RNU5D-1,HG02622,chr1,44794584,100,42
RNU5D-1,HG02630,chr1,44788269,100,42
RNU5D-1,HG02717,chr1,44817324,100,42
RNU5D-1,HG02723,chr1,44789497,100,42
RNU5D-1,HG02818,chr1,44808653,100,42
RNU5D-1,HG02886,chr1,44796169,100,42
RNU5D-1,HG03098,chr1,44813274,100,42
RNU5D-1,HG03453,chr1,44797847,100,42
RNU5D-1,HG03486,chr1,44797444,100,42
RNU5D-1,HG03492,chr1,44724593,100,42
RNU5D-1,HG03516,chr1,44801378,100,42
RNU5D-1,HG03540,chr1,44796981,100,42
RNU5D-1,HG03579,chr1,44804293,100,42
RNU5D-1,NA18906,chr1,44804410,100,42
RNU5D-1,NA20129,chr1,44788094,100,42
RNU5D-1,NA21309,chr1,44793125,100,42
RNU5E-1,HG00438,chr1,11908154,119,42
RNU5E-1,HG00621,chr1,11904802,119,42
RNU5E-1,HG00673,chr1,11911364,119,42
RNU5E-1,HG00733,chr1,11901084,119,42
RNU5E-1,HG00735,chr1,11903317,119,42
RNU5E-1,HG00741,chr1,11907140,119,42
RNU5E-1,HG01071,chr1,11899025,119,42
RNU5E-1,HG01106,chr1,11906443,119,42
RNU5E-1,HG01109,chr1,11928980,119,42
RNU5E-1,HG01123,chr1,11917618,119,42
RNU5E-1,HG01175,chr1,11906370,119,42
RNU5E-1,HG01243,chr1,11931975,119,42
RNU5E-1,HG01258,chr1,11907545,119,42
RNU5E-1,HG01358,chr1,11903134,119,42
RNU5E-1,HG01361,chr1,11910970,119,42
RNU5E-1,HG01891,chr1,11939997,119,42
RNU5E-1,HG01928,chr1,11908566,119,42
RNU5E-1,HG01952,chr1,11906878,119,42
RNU5E-1,HG01978,chr1,11911396,119,42
RNU5E-1,HG02055,chr1,11936045,119,42
RNU5E-1,HG02080,chr1,11908790,119,42
RNU5E-1,HG02109,chr1,11936092,119,42
RNU5E-1,HG02145,chr1,11936272,119,42
RNU5E-1,HG02148,chr1,11905962,119,42
RNU5E-1,HG02257,chr1,11920151,119,42
RNU5E-1,HG02486,chr1,11899998,119,42
RNU5E-1,HG02559,chr1,11935837,119,42
RNU5E-1,HG02572,chr1,11937186,119,42
RNU5E-1,HG02622,chr1,11934746,119,42
RNU5E-1,HG02630,chr1,11938502,119,42
RNU5E-1,HG02717,chr1,11933348,119,42
RNU5E-1,HG02723,chr1,11933202,119,42
RNU5E-1,HG02818,chr1,11938010,119,42
RNU5E-1,HG02886,chr1,11934098,119,42
RNU5E-1,HG03098,chr1,11941825,119,42
RNU5E-1,HG03453,chr1,11932807,119,42
RNU5E-1,HG03486,chr1,11934910,119,42
RNU5E-1,HG03492,chr1,11904763,119,42
RNU5E-1,HG03516,chr1,11938029,119,42
RNU5E-1,HG03540,chr1,11935353,119,42
RNU5E-1,HG03579,chr1,11938138,119,42
RNU5E-1,NA18906,chr1,11935334,119,42
RNU5E-1,NA20129,chr1,11923217,119,42
RNU5E-1,NA21309,chr1,11934739,119,42
RNU5F-1,HG00438,chr1,44721786,116,42
RNU5F-1,HG00621,chr1,44716421,116,42
RNU5F-1,HG00673,chr1,44720302,116,42
RNU5F-1,HG00733,chr1,44699539,116,42
RNU5F-1,HG00735,chr1,44713192,116,42
RNU5F-1,HG00741,chr1,44709729,116,42
RNU5F-1,HG01071,chr1,44735335,116,42
RNU5F-1,HG01106,chr1,44727726,116,42
RNU5F-1,HG01109,chr1,44766127,116,42
RNU5F-1,HG01123,chr1,44726563,116,42
RNU5F-1,HG01175,chr1,44704593,116,42
RNU5F-1,HG01243,chr1,44781206,116,42
RNU5F-1,HG01258,chr1,44706464,116,42
RNU5F-1,HG01358,chr1,44708066,116,42
RNU5F-1,HG01361,chr1,44704859,116,42
RNU5F-1,HG01891,chr1,44790788,116,42
RNU5F-1,HG01928,chr1,44707792,116,42
RNU5F-1,HG01952,chr1,44711712,116,42
RNU5F-1,HG01978,chr1,44700702,116,42
RNU5F-1,HG02055,chr1,44801000,116,42
RNU5F-1,HG02080,chr1,44727182,116,42
RNU5F-1,HG02109,chr1,44785685,116,42
RNU5F-1,HG02145,chr1,44806535,116,42
RNU5F-1,HG02148,chr1,44707202,116,42
RNU5F-1,HG02257,chr1,44783125,116,42
RNU5F-1,HG02486,chr1,44758449,116,42
RNU5F-1,HG02559,chr1,44786227,116,42
RNU5F-1,HG02572,chr1,44789144,116,42
RNU5F-1,HG02622,chr1,44785213,116,42
RNU5F-1,HG02630,chr1,44778864,116,42
RNU5F-1,HG02717,chr1,44807957,116,42
RNU5F-1,HG02723,chr1,44780163,116,42
RNU5F-1,HG02818,chr1,44799374,116,42
RNU5F-1,HG02886,chr1,44786806,116,42
RNU5F-1,HG03098,chr1,44803904,116,42
RNU5F-1,HG03453,chr1,44788564,116,42
RNU5F-1,HG03486,chr1,44788077,116,42
RNU5F-1,HG03492,chr1,44715228,116,42
RNU5F-1,HG03516,chr1,44792050,116,42
RNU5F-1,HG03540,chr1,44787696,116,42
RNU5F-1,HG03579,chr1,44795011,116,42
RNU5F-1,NA18906,chr1,44795049,116,42
RNU5F-1,NA20129,chr1,44778721,116,42
RNU5F-1,NA21309,chr1,44783849,116,42
SNAR-A1,HG00438,chr19,47923779,121,6
SNAR-A1,HG00621,chr19,47824595,121,6
SNAR-A1,HG00673,chr19,47851458,121,6
SNAR-A1,HG00733,chr19,47571647,121,6
SNAR-A1,HG00735,chr19,47902323,121,6
SNAR-A1,HG00741,chr19,47902664,121,42
SNAR-A1,HG01071,chr19,47961824,121,6
SNAR-A1,HG01106,chr19,47674640,121,6
SNAR-A1,HG01109,chr19,49525688,121,6
SNAR-A1,HG01123,chr19,47739259,121,6
SNAR-A1,HG01175,chr19,47766454,121,42
SNAR-A1,HG01243,chr19,50087300,121,6
SNAR-A1,HG01258,chr19,47631842,121,6
SNAR-A1,HG01358,chr19,47600291,121,42
SNAR-A1,HG01361,chr19,47681011,121,6
SNAR-A1,HG01891,chr19,51281321,121,42
SNAR-A1,HG01928,chr19,47432439,121,42
SNAR-A1,HG01952,chr19,47586012,121,6
SNAR-A1,HG01978,chr19,47599967,121,6
SNAR-A1,HG02055,chr19,51242584,121,6
SNAR-A1,HG02080,chr19,47855767,121,6
SNAR-A1,HG02109,chr19,51009039,121,42
SNAR-A1,HG02145,chr19,51082036,121,42
SNAR-A1,HG02148,chr19,47283889,121,6
SNAR-A1,HG02257,chr19,50711284,121,6
SNAR-A1,HG02486,chr19,50856520,121,6
SNAR-A1,HG02559,chr19,51101071,121,6
SNAR-A1,HG02572,chr19,51483540,121,6
SNAR-A1,HG02622,chr19,51331537,121,6
SNAR-A1,HG02630,chr19,51362472,121,42
SNAR-A1,HG02717,chr19,51331213,121,42
SNAR-A1,HG02723,chr19,51259915,121,6
SNAR-A1,HG02818,chr19,51204413,121,6
SNAR-A1,HG02886,chr19,51247645,121,6
SNAR-A1,HG03098,chr19,51627336,121,6
SNAR-A1,HG03453,chr19,51551847,121,6
SNAR-A1,HG03486,chr19,51524862,121,42
SNAR-A1,HG03492,chr19,47897794,121,6
SNAR-A1,HG03516,chr19,51427145,121,42
SNAR-A1,HG03540,chr19,51222918,121,6
SNAR-A1,HG03579,chr19,51460769,121,6
SNAR-A1,NA18906,chr19,51281697,121,6
SNAR-A1,NA20129,chr19,50554020,121,6
SNAR-A1,NA21309,chr19,50262324,121,42
SNAR-B2,HG00438,chr19,50133745,120,42
SNAR-B2,HG00621,chr19,50031163,120,42
SNAR-B2,HG00673,chr19,50057685,120,42
SNAR-B2,HG00733,chr19,49782106,120,42
SNAR-B2,HG00735,chr19,50110824,120,42
SNAR-B2,HG00741,chr19,50106486,120,42
SNAR-B2,HG01071,chr19,50189555,120,42
SNAR-B2,HG01106,chr19,49868101,120,42
SNAR-B2,HG01109,chr19,51734629,120,42
SNAR-B2,HG01123,chr19,49946687,120,42
SNAR-B2,HG01175,chr19,49977648,120,42
SNAR-B2,HG01243,chr19,52295109,120,42
SNAR-B2,HG01258,chr19,49854960,120,42
SNAR-B2,HG01358,chr19,49782796,120,42
SNAR-B2,HG01361,chr19,49886923,120,42
SNAR-B2,HG01891,chr19,53491593,120,42
SNAR-B2,HG01928,chr19,49633756,120,42
SNAR-B2,HG01952,chr19,49794873,120,42
SNAR-B2,HG01978,chr19,49806274,120,42
SNAR-B2,HG02055,chr19,53471936,120,42
SNAR-B2,HG02080,chr19,50063051,120,42
SNAR-B2,HG02109,chr19,53219654,120,42
SNAR-B2,HG02145,chr19,53291331,120,42
SNAR-B2,HG02148,chr19,49491509,120,42
SNAR-B2,HG02257,chr19,52928633,120,42
SNAR-B2,HG02486,chr19,53072668,120,42
SNAR-B2,HG02559,chr19,53326726,120,42
SNAR-B2,HG02572,chr19,53699377,120,42
SNAR-B2,HG02622,chr19,53545512,120,42
SNAR-B2,HG02630,chr19,53572207,120,42
SNAR-B2,HG02717,chr19,53540244,120,42
SNAR-B2,HG02723,chr19,53474805,120,42
SNAR-B2,HG02818,chr19,53422655,120,42
SNAR-B2,HG02886,chr19,53459526,120,42
SNAR-B2,HG03098,chr19,53853433,120,42
SNAR-B2,HG03453,chr19,53766978,120,42
SNAR-B2,HG03486,chr19,53732231,120,42
SNAR-B2,HG03492,chr19,50117662,120,42
SNAR-B2,HG03516,chr19,53633066,120,42
SNAR-B2,HG03540,chr19,53438652,120,42
SNAR-B2,HG03579,chr19,53670126,120,42
SNAR-B2,NA18906,chr19,53498022,120,42
SNAR-B2,NA20129,chr19,52766413,120,42
SNAR-B2,NA21309,chr19,52471953,120,42
SNAR-C3,HG00438,chr19,47950296,119,42
SNAR-C3,HG00621,chr19,47850561,119,42
SNAR-C3,HG00673,chr19,47876634,119,42
SNAR-C3,HG00733,chr19,47597029,119,42
SNAR-C3,HG00735,chr19,47927810,119,42
SNAR-C3,HG00741,chr19,47922138,119,42
SNAR-C3,HG01071,chr19,48000084,119,42
SNAR-C3,HG01106,chr19,47683310,119,42
SNAR-C3,HG01109,chr19,49551687,119,42
SNAR-C3,HG01123,chr19,47765177,119,42
SNAR-C3,HG01175,chr19,47792862,119,42
SNAR-C3,HG01243,chr19,50113252,119,42
SNAR-C3,HG01258,chr19,47670120,119,42
SNAR-C3,HG01358,chr19,47603630,119,42
SNAR-C3,HG01361,chr19,47695399,119,42
SNAR-C3,HG01891,chr19,51300330,119,42
SNAR-C3,HG01928,chr19,47451660,119,42
SNAR-C3,HG01952,chr19,47611690,119,42
SNAR-C3,HG01978,chr19,47625972,119,42
SNAR-C3,HG02055,chr19,51285796,119,42
SNAR-C3,HG02080,chr19,47881282,119,42
SNAR-C3,HG02109,chr19,51028594,119,42
SNAR-C3,HG02145,chr19,51101135,119,42
SNAR-C3,HG02148,chr19,47310170,119,42
SNAR-C3,HG02257,chr19,50737113,119,42
SNAR-C3,HG02486,chr19,50881515,119,42
SNAR-C3,HG02559,chr19,51138908,119,42
SNAR-C3,HG02572,chr19,51509131,119,42
SNAR-C3,HG02622,chr19,51356887,119,42
SNAR-C3,HG02630,chr19,51382323,119,42
SNAR-C3,HG02717,chr19,51349602,119,42
SNAR-C3,HG02723,chr19,51285643,119,42
SNAR-C3,HG02818,chr19,51231139,119,42
SNAR-C3,HG02886,chr19,51273477,119,42
SNAR-C3,HG03098,chr19,51664836,119,42
SNAR-C3,HG03453,chr19,51577748,119,42
SNAR-C3,HG03486,chr19,51545333,119,42
SNAR-C3,HG03492,chr19,47935143,119,42
SNAR-C3,HG03516,chr19,51452782,119,42
SNAR-C3,HG03540,chr19,51248657,119,42
SNAR-C3,HG03579,chr19,51486458,119,42
SNAR-C3,NA18906,chr19,51307701,119,42
SNAR-C3,NA20129,chr19,50580040,119,42
SNAR-C3,NA21309,chr19,50282471,119,42
SNAR-C4,HG00438,chr19,47939541,120,42
SNAR-C4,HG00621,chr19,47822564,120,42
SNAR-C4,HG00673,chr19,47848839,120,42
SNAR-C4,HG00733,chr19,47580727,120,42
SNAR-C4,HG00735,chr19,47917047,120,42
SNAR-C4,HG00741,chr19,47911379,120,42
SNAR-C4,HG01071,chr19,47972085,120,42
SNAR-C4,HG01106,chr19,47655563,120,42
SNAR-C4,HG01109,chr19,49523617,120,42
SNAR-C4,HG01123,chr19,47737196,120,42
SNAR-C4,HG01175,chr19,47764879,120,42
SNAR-C4,HG01243,chr19,50102440,120,42
SNAR-C4,HG01258,chr19,47642245,120,42
SNAR-C4,HG01358,chr19,47587328,120,42
SNAR-C4,HG01361,chr19,47679097,120,42
SNAR-C4,HG01891,chr19,51272739,120,42
SNAR-C4,HG01928,chr19,47423880,120,42
SNAR-C4,HG01952,chr19,47583909,120,42
SNAR-C4,HG01978,chr19,47598003,120,42
SNAR-C4,HG02055,chr19,51269494,120,42
SNAR-C4,HG02080,chr19,47853797,120,42
SNAR-C4,HG02109,chr19,51000749,120,42
SNAR-C4,HG02145,chr19,51073401,120,42
SNAR-C4,HG02148,chr19,47299424,120,42
SNAR-C4,HG02257,chr19,50709368,120,42
SNAR-C4,HG02486,chr19,50854230,120,42
SNAR-C4,HG02559,chr19,51110922,120,42
SNAR-C4,HG02572,chr19,51481397,120,42
SNAR-C4,HG02622,chr19,51346109,120,42
SNAR-C4,HG02630,chr19,51354883,120,42
SNAR-C4,HG02717,chr19,51322483,120,42
SNAR-C4,HG02723,chr19,51257910,120,42
SNAR-C4,HG02818,chr19,51203185,120,42
SNAR-C4,HG02886,chr19,51245658,120,42
SNAR-C4,HG03098,chr19,51637138,120,42
SNAR-C4,HG03453,chr19,51549742,120,42
SNAR-C4,HG03486,chr19,51534515,120,42
SNAR-C4,HG03492,chr19,47907644,120,42
SNAR-C4,HG03516,chr19,51436480,120,42
SNAR-C4,HG03540,chr19,51220717,120,42
SNAR-C4,HG03579,chr19,51458565,120,42
SNAR-C4,NA18906,chr19,51296964,120,42
SNAR-C4,NA20129,chr19,50552421,120,42
SNAR-C4,NA21309,chr19,50226263,120,42
SNORD118,HG00438,chr17,8173452,137,42
SNORD118,HG00621,chr17,8055978,137,42
SNORD118,HG00673,chr17,8082404,137,42
SNORD118,HG00733,chr17,7844406,137,42
SNORD118,HG00735,chr17,8172156,137,42
SNORD118,HG00741,chr17,8153464,137,42
SNORD118,HG01071,chr17,8186450,137,42
SNORD118,HG01106,chr17,7916831,137,42
SNORD118,HG01109,chr17,9614569,137,42
SNORD118,HG01123,chr17,7936546,137,42
SNORD118,HG01175,chr17,8022289,137,42
SNORD118,HG01243,chr17,10173236,137,42
SNORD118,HG01258,chr17,7915234,137,42
SNORD118,HG01358,chr17,7866191,137,42
SNORD118,HG01361,chr17,7876174,137,42
SNORD118,HG01891,chr17,11177938,137,42
SNORD118,HG01928,chr17,7694745,137,42
SNORD118,HG01952,chr17,7765500,137,42
SNORD118,HG01978,chr17,7871014,137,42
SNORD118,HG02055,chr17,11176685,137,42
SNORD118,HG02080,chr17,8113947,137,42
SNORD118,HG02109,chr17,10956983,137,42
SNORD118,HG02145,chr17,11005086,137,42
SNORD118,HG02148,chr17,7574193,137,42
SNORD118,HG02257,chr17,10649061,137,42
SNORD118,HG02486,chr17,10832070,137,42
SNORD118,HG02559,chr17,11038163,137,42
SNORD118,HG02572,chr17,11370521,137,42
SNORD118,HG02622,chr17,11290700,137,42
SNORD118,HG02630,chr17,11300578,137,42
SNORD118,HG02717,chr17,11261879,137,42
SNORD118,HG02723,chr17,11211988,137,42
SNORD118,HG02818,chr17,11123249,137,42
SNORD118,HG02886,chr17,11187007,137,42
SNORD118,HG03098,chr17,11550179,137,42
SNORD118,HG03453,chr17,11435754,137,42
SNORD118,HG03486,chr17,11444930,137,42
SNORD118,HG03492,chr17,8173444,137,42
SNORD118,HG03516,chr17,11307990,137,42
SNORD118,HG03540,chr17,11153605,137,42
SNORD118,HG03579,chr17,11383475,137,42
SNORD118,NA18906,chr17,11217983,137,42
SNORD118,NA20129,chr17,10559724,137,42
SNORD118,NA21309,chr17,10275667,137,42
SNORD13,HG00438,chr8,33513475,104,42
SNORD13,HG00621,chr8,33453889,104,42
SNORD13,HG00673,chr8,33463626,104,42
SNORD13,HG00733,chr8,33247432,104,42
SNORD13,HG00735,chr8,33516182,104,42
SNORD13,HG00741,chr8,33530142,104,42
SNORD13,HG01071,chr8,33473213,104,42
SNORD13,HG01106,chr8,33338318,104,42
SNORD13,HG01109,chr8,34281251,104,42
SNORD13,HG01123,chr8,33331823,104,42
SNORD13,HG01175,chr8,33433335,104,42
SNORD13,HG01243,chr8,34691043,104,42
SNORD13,HG01258,chr8,33312896,104,42
SNORD13,HG01358,chr8,33336333,104,42
SNORD13,HG01361,chr8,33353402,104,42
SNORD13,HG01891,chr8,35309453,104,42
SNORD13,HG01928,chr8,33203225,104,42
SNORD13,HG01952,chr8,33385778,104,42
SNORD13,HG01978,chr8,33397251,104,42
SNORD13,HG02055,chr8,35371370,104,42
SNORD13,HG02080,chr8,33432006,104,42
SNORD13,HG02109,chr8,35180957,104,42
SNORD13,HG02145,chr8,35173532,104,42
SNORD13,HG02148,chr8,33162601,104,42
SNORD13,HG02257,chr8,35056154,104,42
SNORD13,HG02486,chr8,35136389,104,42
SNORD13,HG02559,chr8,35235567,104,42
SNORD13,HG02572,chr8,35448229,104,42
SNORD13,HG02622,chr8,35334827,104,42
SNORD13,HG02630,chr8,35359932,104,42
SNORD13,HG02717,chr8,35337169,104,42
SNORD13,HG02723,chr8,35272545,104,42
SNORD13,HG02818,chr8,35314841,104,42
SNORD13,HG02886,chr8,35327642,104,42
SNORD13,HG03098,chr8,35514206,104,42
SNORD13,HG03453,chr8,35445670,104,42
SNORD13,HG03486,chr8,35489876,104,42
SNORD13,HG03492,chr8,33439646,104,42
SNORD13,HG03516,chr8,35345486,104,42
SNORD13,HG03540,chr8,35353631,104,42
SNORD13,HG03579,chr8,35459666,104,42
SNORD13,NA18906,chr8,35374558,104,42
SNORD13,NA20129,chr8,34960853,104,42
SNORD13,NA21309,chr8,34754964,104,42
TRA-AGC11-1,HG00438,chr6,26571864,73,42
TRA-AGC11-1,HG00621,chr6,26516188,73,42
TRA-AGC11-1,HG00673,chr6,26500726,73,42
TRA-AGC11-1,HG00733,chr6,26397945,73,42
TRA-AGC11-1,HG00735,chr6,26584637,73,42
TRA-AGC11-1,HG00741,chr6,26522640,73,42
TRA-AGC11-1,HG01071,chr6,26596708,73,42
TRA-AGC11-1,HG01106,chr6,26450519,73,42
TRA-AGC11-1,HG01109,chr6,27213885,73,42
TRA-AGC11-1,HG01123,chr6,26433383,73,42
TRA-AGC11-1,HG01175,chr6,26556162,73,42
TRA-AGC11-1,HG01243,chr6,27520880,73,42
TRA-AGC11-1,HG01258,chr6,26452523,73,42
TRA-AGC11-1,HG01358,chr6,26482016,73,42
TRA-AGC11-1,HG01361,chr6,26395657,73,42
TRA-AGC11-1,HG01891,chr6,27915023,73,42
TRA-AGC11-1,HG01928,chr6,26333076,73,42
TRA-AGC11-1,HG01952,chr6,26452705,73,42
TRA-AGC11-1,HG01978,chr6,26476835,73,42
TRA-AGC11-1,HG02055,chr6,27927426,73,42
TRA-AGC11-1,HG02080,chr6,26486003,73,42
TRA-AGC11-1,HG02109,chr6,27729175,73,42
TRA-AGC11-1,HG02145,chr6,27868395,73,42
TRA-AGC11-1,HG02148,chr6,26314276,73,42
TRA-AGC11-1,HG02257,chr6,27686920,73,42
TRA-AGC11-1,HG02486,chr6,27783424,73,42
TRA-AGC11-1,HG02559,chr6,27840494,73,42
TRA-AGC11-1,HG02572,chr6,27941568,73,42
TRA-AGC11-1,HG02622,chr6,27886110,73,42
TRA-AGC11-1,HG02630,chr6,27931590,73,42
TRA-AGC11-1,HG02717,chr6,27871279,73,42
TRA-AGC11-1,HG02723,chr6,27817607,73,42
TRA-AGC11-1,HG02818,chr6,27891919,73,42
TRA-AGC11-1,HG02886,chr6,27869682,73,42
TRA-AGC11-1,HG03098,chr6,28007491,73,42
TRA-AGC11-1,HG03453,chr6,27940670,73,42
TRA-AGC11-1,HG03486,chr6,28004272,73,42
TRA-AGC11-1,HG03492,chr6,26507230,73,42
TRA-AGC11-1,HG03516,chr6,27917725,73,42
TRA-AGC11-1,HG03540,chr6,27882977,73,42
TRA-AGC11-1,HG03579,chr6,27974079,73,42
TRA-AGC11-1,NA18906,chr6,27917154,73,42
TRA-AGC11-1,NA20129,chr6,27679704,73,42
TRA-AGC11-1,NA21309,chr6,27534340,73,42
TRA-CGC5-1-001,HG00438,chr6,28695932,72,42
TRA-CGC5-1-001,HG00621,chr6,28631132,72,42
TRA-CGC5-1-001,HG00673,chr6,28622358,72,42
TRA-CGC5-1-001,HG00733,chr6,28464044,72,42
TRA-CGC5-1-001,HG00735,chr6,28673944,72,42
TRA-CGC5-1-001,HG00741,chr6,28683601,72,42
TRA-CGC5-1-001,HG01071,chr6,28655902,72,42
TRA-CGC5-1-001,HG01106,chr6,28550103,72,42
TRA-CGC5-1-001,HG01109,chr6,29372013,72,42
TRA-CGC5-1-001,HG01123,chr6,28531093,72,42
TRA-CGC5-1-001,HG01175,chr6,28608739,72,42
TRA-CGC5-1-001,HG01243,chr6,29648378,72,42
TRA-CGC5-1-001,HG01258,chr6,28511724,72,42
TRA-CGC5-1-001,HG01358,chr6,28545381,72,42
TRA-CGC5-1-001,HG01361,chr6,28498963,72,42
TRA-CGC5-1-001,HG01891,chr6,30191137,72,42
TRA-CGC5-1-001,HG01928,chr6,28419311,72,42
TRA-CGC5-1-001,HG01952,chr6,28558792,72,42
TRA-CGC5-1-001,HG01978,chr6,28559078,72,42
TRA-CGC5-1-001,HG02055,chr6,30209958,72,42
TRA-CGC5-1-001,HG02080,chr6,28609747,72,42
TRA-CGC5-1-001,HG02109,chr6,30039997,72,42
TRA-CGC5-1-001,HG02145,chr6,30121232,72,42
TRA-CGC5-1-001,HG02148,chr6,28382895,72,42
TRA-CGC5-1-001,HG02257,chr6,29962114,72,42
TRA-CGC5-1-001,HG02486,chr6,30015672,72,42
TRA-CGC5-1-001,HG02559,chr6,30148872,72,42
TRA-CGC5-1-001,HG02572,chr6,30266149,72,42
TRA-CGC5-1-001,HG02622,chr6,30175015,72,42
TRA-CGC5-1-001,HG02630,chr6,30217595,72,42
TRA-CGC5-1-001,HG02717,chr6,30205474,72,42
TRA-CGC5-1-001,HG02723,chr6,30117872,72,42
TRA-CGC5-1-001,HG02818,chr6,30179122,72,42
TRA-CGC5-1-001,HG02886,chr6,30183978,72,42
TRA-CGC5-1-001,HG03098,chr6,30324596,72,42
TRA-CGC5-1-001,HG03453,chr6,30265434,72,42
TRA-CGC5-1-001,HG03486,chr6,30335588,72,42
TRA-CGC5-1-001,HG03492,chr6,28606745,72,42
TRA-CGC5-1-001,HG03516,chr6,30217451,72,42
TRA-CGC5-1-001,HG03540,chr6,30220508,72,42
TRA-CGC5-1-001,HG03579,chr6,30303731,72,42
TRA-CGC5-1-001,NA18906,chr6,-143640815,72,42
TRA-CGC5-1-001,NA20129,chr6,29887498,72,42
TRA-CGC5-1-001,NA21309,chr6,29736606,72,42
TRA-TGC4-1,HG00438,chr12,124939966,72,42
TRA-TGC4-1,HG00621,chr12,124868401,72,42
TRA-TGC4-1,HG00673,chr12,124867352,72,42
TRA-TGC4-1,HG00733,chr12,124617089,72,42
TRA-TGC4-1,HG00735,chr12,124921883,72,42
TRA-TGC4-1,HG00741,chr12,124939817,72,42
TRA-TGC4-1,HG01071,chr12,124958185,72,42
TRA-TGC4-1,HG01106,chr12,124714212,72,42
TRA-TGC4-1,HG01109,chr12,126110228,72,42
TRA-TGC4-1,HG01123,chr12,124743454,72,42
TRA-TGC4-1,HG01175,chr12,124824729,72,42
TRA-TGC4-1,HG01243,chr12,126696843,72,42
TRA-TGC4-1,HG01258,chr12,124697407,72,42
TRA-TGC4-1,HG01358,chr12,124650255,72,42
TRA-TGC4-1,HG01361,chr12,124642720,72,42
TRA-TGC4-1,HG01891,chr12,127441095,72,42
TRA-TGC4-1,HG01928,chr12,124548037,72,42
TRA-TGC4-1,HG01952,chr12,124671257,72,42
TRA-TGC4-1,HG01978,chr12,124727106,72,42
TRA-TGC4-1,HG02055,chr12,127517511,72,42
TRA-TGC4-1,HG02080,chr12,124856615,72,42
TRA-TGC4-1,HG02109,chr12,127312439,72,42
TRA-TGC4-1,HG02145,chr12,127355838,72,42
TRA-TGC4-1,HG02148,chr12,124436971,72,42
TRA-TGC4-1,HG02257,chr12,127044478,72,42
TRA-TGC4-1,HG02486,chr12,127215105,72,42
TRA-TGC4-1,HG02559,chr12,127382759,72,42
TRA-TGC4-1,HG02572,chr12,127606859,72,42
TRA-TGC4-1,HG02622,chr12,127587204,72,42
TRA-TGC4-1,HG02630,chr12,127572816,72,42
TRA-TGC4-1,HG02717,chr12,127576348,72,42
TRA-TGC4-1,HG02723,chr12,127505869,72,42
TRA-TGC4-1,HG02818,chr12,127469589,72,42
TRA-TGC4-1,HG02886,chr12,127517734,72,42
TRA-TGC4-1,HG03098,chr12,127808169,72,42
TRA-TGC4-1,HG03453,chr12,127729525,72,42
TRA-TGC4-1,HG03486,chr12,127734836,72,42
TRA-TGC4-1,HG03492,chr12,124930100,72,42
TRA-TGC4-1,HG03516,chr12,127617156,72,42
TRA-TGC4-1,HG03540,chr12,127510707,72,42
TRA-TGC4-1,HG03579,chr12,127678408,72,42
TRA-TGC4-1,NA18906,chr12,127522548,72,42
TRA-TGC4-1,NA20129,chr12,127031170,72,42
TRA-TGC4-1,NA21309,chr12,126714309,72,42
TRE-TTC3-1,HG00438,chr1,16872583,72,42
TRE-TTC3-1,HG00621,chr1,16861996,72,42
TRE-TTC3-1,HG00673,chr1,16873819,72,42
TRE-TTC3-1,HG00733,chr1,16865852,72,42
TRE-TTC3-1,HG00735,chr1,16867479,72,42
TRE-TTC3-1,HG00741,chr1,16867550,72,42
TRE-TTC3-1,HG01071,chr1,16868897,72,42
TRE-TTC3-1,HG01106,chr1,16870519,72,42
TRE-TTC3-1,HG01109,chr1,16906756,72,42
TRE-TTC3-1,HG01123,chr1,16877807,72,42
TRE-TTC3-1,HG01175,chr1,16866537,72,42
TRE-TTC3-1,HG01243,chr1,16897768,72,42
TRE-TTC3-1,HG01258,chr1,16864163,72,42
TRE-TTC3-1,HG01358,chr1,16866185,72,42
TRE-TTC3-1,HG01361,chr1,16868840,72,42
TRE-TTC3-1,HG01891,chr1,16917527,72,42
TRE-TTC3-1,HG01928,chr1,16868385,72,42
TRE-TTC3-1,HG01952,chr1,16867214,72,42
TRE-TTC3-1,HG01978,chr1,16864533,72,42
TRE-TTC3-1,HG02055,chr1,16915576,72,42
TRE-TTC3-1,HG02080,chr1,16873680,72,42
TRE-TTC3-1,HG02109,chr1,16912705,72,42
TRE-TTC3-1,HG02145,chr1,16913610,72,42
TRE-TTC3-1,HG02148,chr1,16864487,72,42
TRE-TTC3-1,HG02257,chr1,16899402,72,42
TRE-TTC3-1,HG02486,chr1,16879460,72,42
TRE-TTC3-1,HG02559,chr1,16909611,72,42
TRE-TTC3-1,HG02572,chr1,16908007,72,42
TRE-TTC3-1,HG02622,chr1,16912010,72,42
TRE-TTC3-1,HG02630,chr1,16905763,72,42
TRE-TTC3-1,HG02717,chr1,16920949,72,42
TRE-TTC3-1,HG02723,chr1,16906593,72,42
TRE-TTC3-1,HG02818,chr1,16921366,72,42
TRE-TTC3-1,HG02886,chr1,16910871,72,42
TRE-TTC3-1,HG03098,chr1,16923475,72,42
TRE-TTC3-1,HG03453,chr1,16904778,72,42
TRE-TTC3-1,HG03486,chr1,16911766,72,42
TRE-TTC3-1,HG03492,chr1,16872297,72,42
TRE-TTC3-1,HG03516,chr1,16916094,72,42
TRE-TTC3-1,HG03540,chr1,16914801,72,42
TRE-TTC3-1,HG03579,chr1,16919153,72,42
TRE-TTC3-1,NA18906,chr1,16914231,72,42
TRE-TTC3-1,NA20129,chr1,16902075,72,42
TRE-TTC3-1,NA21309,chr1,16908144,72,42
TRF-GAA1-4,HG00438,chr12,124927843,73,42
TRF-GAA1-4,HG00621,chr12,124792035,73,42
TRF-GAA1-4,HG00673,chr12,124849424,73,42
TRF-GAA1-4,HG00733,chr12,-1384030131,73,42
TRF-GAA1-4,HG00735,chr12,-1360485330,73,42
TRF-GAA1-4,HG00741,chr12,-1379236179,73,42
TRF-GAA1-4,HG01071,chr12,124938116,73,42
TRF-GAA1-4,HG01106,chr12,-1383944072,73,42
TRF-GAA1-4,HG01109,chr12,126467431,73,42
TRF-GAA1-4,HG01123,chr12,124686938,73,42
TRF-GAA1-4,HG01175,chr12,-1379311041,73,42
TRF-GAA1-4,HG01243,chr12,-391849940,73,42
TRF-GAA1-4,HG01258,chr12,-1370316560,73,42
TRF-GAA1-4,HG01358,chr12,124572352,73,42
TRF-GAA1-4,HG01361,chr12,-393952818,73,42
TRF-GAA1-4,HG01891,chr12,-1368637147,73,42
TRF-GAA1-4,HG01928,chr12,124409304,73,42
TRF-GAA1-4,HG01952,chr12,-500122690,73,42
TRF-GAA1-4,HG01978,chr12,-1379360702,73,42
TRF-GAA1-4,HG02055,chr12,-1377709822,73,42
TRF-GAA1-4,HG02080,chr12,124865241,73,42
TRF-GAA1-4,HG02109,chr12,-1389400768,73,42
TRF-GAA1-4,HG02145,chr12,-1377989508,73,42
TRF-GAA1-4,HG02148,chr12,-500357035,73,42
TRF-GAA1-4,HG02257,chr12,-1368866170,73,42
TRF-GAA1-4,HG02486,chr12,-1377904108,73,42
TRF-GAA1-4,HG02559,chr12,-1368679412,73,42
TRF-GAA1-4,HG02572,chr12,128368280,73,42
TRF-GAA1-4,HG02622,chr12,-1389456700,73,42
TRF-GAA1-4,HG02630,chr12,-1382276580,73,42
TRF-GAA1-4,HG02717,chr12,-1389235291,73,42
TRF-GAA1-4,HG02723,chr12,128148446,73,42
TRF-GAA1-4,HG02818,chr12,-1382501787,73,42
TRF-GAA1-4,HG02886,chr12,-1358975296,73,42
TRF-GAA1-4,HG03098,chr12,-1368503688,73,42
TRF-GAA1-4,HG03453,chr12,-1389175331,73,42
TRF-GAA1-4,HG03486,chr12,-1382345321,73,42
TRF-GAA1-4,HG03492,chr12,-1360552529,73,42
TRF-GAA1-4,HG03516,chr12,-1389414264,73,42
TRF-GAA1-4,HG03540,chr12,-391039766,73,42
TRF-GAA1-4,HG03579,chr12,-1373011280,73,42
TRF-GAA1-4,NA18906,chr12,-391040319,73,42
TRF-GAA1-4,NA20129,chr12,-1368940786,73,42
TRF-GAA1-4,NA21309,chr12,-1378183174,73,42
TRG-CCC5-1,HG00438,chr1,16727285,71,42
TRG-CCC5-1,HG00621,chr1,16715914,71,42
TRG-CCC5-1,HG00673,chr1,16725381,71,42
TRG-CCC5-1,HG00733,chr1,16717818,71,42
TRG-CCC5-1,HG00735,chr1,16721065,71,42
TRG-CCC5-1,HG00741,chr1,16718863,71,42
TRG-CCC5-1,HG01071,chr1,16719786,71,42
TRG-CCC5-1,HG01106,chr1,16724868,71,42
TRG-CCC5-1,HG01109,chr1,16759458,71,42
TRG-CCC5-1,HG01123,chr1,16729997,71,42
TRG-CCC5-1,HG01175,chr1,16719903,71,42
TRG-CCC5-1,HG01243,chr1,16750419,71,42
TRG-CCC5-1,HG01258,chr1,16717907,71,42
TRG-CCC5-1,HG01358,chr1,16720215,71,42
TRG-CCC5-1,HG01361,chr1,16721437,71,42
TRG-CCC5-1,HG01891,chr1,16766914,71,42
TRG-CCC5-1,HG01928,chr1,16720262,71,42
TRG-CCC5-1,HG01952,chr1,16719454,71,42
TRG-CCC5-1,HG01978,chr1,16718513,71,42
TRG-CCC5-1,HG02055,chr1,16767999,71,42
TRG-CCC5-1,HG02080,chr1,16726116,71,42
TRG-CCC5-1,HG02109,chr1,16762772,71,42
TRG-CCC5-1,HG02145,chr1,16766045,71,42
TRG-CCC5-1,HG02148,chr1,16716155,71,42
TRG-CCC5-1,HG02257,chr1,16751959,71,42
TRG-CCC5-1,HG02486,chr1,16730602,71,42
TRG-CCC5-1,HG02559,chr1,16759867,71,42
TRG-CCC5-1,HG02572,chr1,16761070,71,42
TRG-CCC5-1,HG02622,chr1,16761594,71,42
TRG-CCC5-1,HG02630,chr1,16758011,71,42
TRG-CCC5-1,HG02717,chr1,16771005,71,42
TRG-CCC5-1,HG02723,chr1,16759459,71,42
TRG-CCC5-1,HG02818,chr1,16773099,71,42
TRG-CCC5-1,HG02886,chr1,16763371,71,42
TRG-CCC5-1,HG03098,chr1,16776901,71,42
TRG-CCC5-1,HG03453,chr1,16756096,71,42
TRG-CCC5-1,HG03486,chr1,16762554,71,42
TRG-CCC5-1,HG03492,chr1,16724373,71,42
TRG-CCC5-1,HG03516,chr1,16768194,71,42
TRG-CCC5-1,HG03540,chr1,16764779,71,42
TRG-CCC5-1,HG03579,chr1,16769491,71,42
TRG-CCC5-1,NA18906,chr1,16766215,71,42
TRG-CCC5-1,NA20129,chr1,16756117,71,42
TRG-CCC5-1,NA21309,chr1,16760698,71,42
TRG-CCC6-1,HG00438,chr1,121016845,71,42
TRG-CCC6-1,HG00621,chr1,121010455,71,42
TRG-CCC6-1,HG00673,chr1,121032015,71,42
TRG-CCC6-1,HG00733,chr1,120984813,71,42
TRG-CCC6-1,HG00735,chr1,121000655,71,42
TRG-CCC6-1,HG00741,chr1,121007707,71,10
TRG-CCC6-1,HG01071,chr1,121022761,71,10
TRG-CCC6-1,HG01106,chr1,121019676,71,10
TRG-CCC6-1,HG01109,chr1,121101904,71,42
TRG-CCC6-1,HG01123,chr1,121015480,71,42
TRG-CCC6-1,HG01175,chr1,121003725,71,42
TRG-CCC6-1,HG01243,chr1,121093575,71,42
TRG-CCC6-1,HG01258,chr1,120990488,71,42
TRG-CCC6-1,HG01358,chr1,121009045,71,10
TRG-CCC6-1,HG01361,chr1,121000503,71,42
TRG-CCC6-1,HG01891,chr1,121161188,71,42
TRG-CCC6-1,HG01928,chr1,121005570,71,10
TRG-CCC6-1,HG01952,chr1,120996262,71,10
TRG-CCC6-1,HG01978,chr1,120990141,71,42
TRG-CCC6-1,HG02055,chr1,121163491,71,42
TRG-CCC6-1,HG02080,chr1,121021633,71,42
TRG-CCC6-1,HG02109,chr1,121153832,71,42
TRG-CCC6-1,HG02145,chr1,121175762,71,42
TRG-CCC6-1,HG02148,chr1,120989825,71,42
TRG-CCC6-1,HG02257,chr1,121161277,71,42
TRG-CCC6-1,HG02486,chr1,121123242,71,42
TRG-CCC6-1,HG02559,chr1,121141463,71,10
TRG-CCC6-1,HG02572,chr1,121158753,71,42
TRG-CCC6-1,HG02622,chr1,121153964,71,42
TRG-CCC6-1,HG02630,chr1,121158155,71,42
TRG-CCC6-1,HG02717,chr1,121167894,71,42
TRG-CCC6-1,HG02723,chr1,121126301,71,10
TRG-CCC6-1,HG02818,chr1,121186151,71,10
TRG-CCC6-1,HG02886,chr1,121148326,71,42
TRG-CCC6-1,HG03098,chr1,121189086,71,42
TRG-CCC6-1,HG03453,chr1,121154937,71,42
TRG-CCC6-1,HG03486,chr1,121162529,71,42
TRG-CCC6-1,HG03492,chr1,121022551,71,10
TRG-CCC6-1,HG03516,chr1,121155207,71,42
TRG-CCC6-1,HG03540,chr1,121155814,71,42
TRG-CCC6-1,HG03579,chr1,121174479,71,10
TRG-CCC6-1,NA18906,chr1,121154412,71,42
TRG-CCC6-1,NA20129,chr1,121153288,71,10
TRG-CCC6-1,NA21309,chr1,121120823,71,10
TRG-TCC1-1,HG00438,chr19,4724070,72,42
TRG-TCC1-1,HG00621,chr19,4588871,72,42
TRG-TCC1-1,HG00673,chr19,4647338,72,42
TRG-TCC1-1,HG00733,chr19,4352207,72,42
TRG-TCC1-1,HG00735,chr19,4702322,72,42
TRG-TCC1-1,HG00741,chr19,4709681,72,42
TRG-TCC1-1,HG01071,chr19,4735013,72,42
TRG-TCC1-1,HG01106,chr19,4466141,72,42
TRG-TCC1-1,HG01109,chr19,6266729,72,42
TRG-TCC1-1,HG01123,chr19,4481274,72,42
TRG-TCC1-1,HG01175,chr19,4538553,72,42
TRG-TCC1-1,HG01243,chr19,6893682,72,42
TRG-TCC1-1,HG01258,chr19,4446355,72,42
TRG-TCC1-1,HG01358,chr19,4367078,72,42
TRG-TCC1-1,HG01361,chr19,4436940,72,42
TRG-TCC1-1,HG01891,chr19,7944464,72,42
TRG-TCC1-1,HG01928,chr19,4206207,72,42
TRG-TCC1-1,HG01952,chr19,4352878,72,42
TRG-TCC1-1,HG01978,chr19,4397937,72,42
TRG-TCC1-1,HG02055,chr19,7934415,72,42
TRG-TCC1-1,HG02080,chr19,4661387,72,42
TRG-TCC1-1,HG02109,chr19,7687036,72,42
TRG-TCC1-1,HG02145,chr19,7770380,72,42
TRG-TCC1-1,HG02148,chr19,4086226,72,42
TRG-TCC1-1,HG02257,chr19,7378048,72,42
TRG-TCC1-1,HG02486,chr19,7576260,72,42
TRG-TCC1-1,HG02559,chr19,7802501,72,42
TRG-TCC1-1,HG02572,chr19,8173752,72,42
TRG-TCC1-1,HG02622,chr19,8018437,72,42
TRG-TCC1-1,HG02630,chr19,8043971,72,42
TRG-TCC1-1,HG02717,chr19,8012312,72,42
TRG-TCC1-1,HG02723,chr19,7954133,72,42
TRG-TCC1-1,HG02818,chr19,7897626,72,42
TRG-TCC1-1,HG02886,chr19,7935413,72,42
TRG-TCC1-1,HG03098,chr19,8318670,72,42
TRG-TCC1-1,HG03453,chr19,8223538,72,42
TRG-TCC1-1,HG03486,chr19,8217375,72,42
TRG-TCC1-1,HG03492,chr19,4687857,72,42
TRG-TCC1-1,HG03516,chr19,8085268,72,42
TRG-TCC1-1,HG03540,chr19,7913175,72,42
TRG-TCC1-1,HG03579,chr19,8143870,72,42
TRG-TCC1-1,NA18906,chr19,7996184,72,42
TRG-TCC1-1,NA20129,chr19,7235347,72,42
TRG-TCC1-1,NA21309,chr19,6986617,72,42
TRG1,HG00438,chr1,16545939,71,42
TRG1,HG00621,chr1,16538315,71,42
TRG1,HG00673,chr1,16545929,71,42
TRG1,HG00733,chr1,16535137,71,42
TRG1,HG00735,chr1,16539793,71,42
TRG1,HG00741,chr1,16541596,71,42
TRG1,HG01071,chr1,16537778,71,42
TRG1,HG01106,chr1,16550716,71,42
TRG1,HG01109,chr1,16576148,71,42
TRG1,HG01123,chr1,16550577,71,42
TRG1,HG01175,chr1,16543357,71,42
TRG1,HG01243,chr1,16574994,71,42
TRG1,HG01258,chr1,16540737,71,42
TRG1,HG01358,chr1,16543719,71,42
TRG1,HG01361,chr1,16545725,71,42
TRG1,HG01891,chr1,16583498,71,42
TRG1,HG01928,chr1,16545200,71,42
TRG1,HG01952,chr1,16541911,71,42
TRG1,HG01978,chr1,16543792,71,42
TRG1,HG02055,chr1,16588318,71,42
TRG1,HG02080,chr1,16549482,71,42
TRG1,HG02109,chr1,16582186,71,42
TRG1,HG02145,chr1,16584627,71,42
TRG1,HG02148,chr1,16540223,71,42
TRG1,HG02257,chr1,16571497,71,42
TRG1,HG02486,chr1,16547691,71,10
TRG1,HG02559,chr1,16579672,71,42
TRG1,HG02572,chr1,16587346,71,42
TRG1,HG02622,chr1,16582946,71,42
TRG1,HG02630,chr1,16580932,71,42
TRG1,HG02717,chr1,16584458,71,42
TRG1,HG02723,chr1,16580756,71,42
TRG1,HG02818,chr1,16586363,71,42
TRG1,HG02886,chr1,16582110,71,42
TRG1,HG03098,chr1,16592286,71,42
TRG1,HG03453,chr1,16580179,71,42
TRG1,HG03486,chr1,16586425,71,42
TRG1,HG03492,chr1,16544078,71,42
TRG1,HG03516,chr1,16591631,71,42
TRG1,HG03540,chr1,16586788,71,42
TRG1,HG03579,chr1,16588818,71,42
TRG1,NA18906,chr1,16585353,71,10
TRG1,NA20129,chr1,16570754,71,42
TRG1,NA21309,chr1,16578662,71,42
TRK-CTT3-1,HG00438,chr16,3157405,73,42
TRK-CTT3-1,HG00621,chr16,3049606,73,42
TRK-CTT3-1,HG00673,chr16,3075750,73,42
TRK-CTT3-1,HG00733,chr16,2846813,73,42
TRK-CTT3-1,HG00735,chr16,3168844,73,42
TRK-CTT3-1,HG00741,chr16,3163883,73,42
TRK-CTT3-1,HG01071,chr16,3197192,73,42
TRK-CTT3-1,HG01106,chr16,2903109,73,42
TRK-CTT3-1,HG01109,chr16,4516352,73,42
TRK-CTT3-1,HG01123,chr16,2937516,73,42
TRK-CTT3-1,HG01175,chr16,3029767,73,42
TRK-CTT3-1,HG01243,chr16,5152352,73,42
TRK-CTT3-1,HG01258,chr16,2899734,73,42
TRK-CTT3-1,HG01358,chr16,2867869,73,42
TRK-CTT3-1,HG01361,chr16,2877372,73,42
TRK-CTT3-1,HG01891,chr16,5994640,73,42
TRK-CTT3-1,HG01928,chr16,2728242,73,42
TRK-CTT3-1,HG01952,chr16,2800504,73,42
TRK-CTT3-1,HG01978,chr16,2901535,73,42
TRK-CTT3-1,HG02055,chr16,6006470,73,42
TRK-CTT3-1,HG02080,chr16,3104255,73,42
TRK-CTT3-1,HG02109,chr16,5800199,73,42
TRK-CTT3-1,HG02145,chr16,5856096,73,42
TRK-CTT3-1,HG02148,chr16,2613702,73,42
TRK-CTT3-1,HG02257,chr16,5549886,73,42
TRK-CTT3-1,HG02486,chr16,5656681,73,42
TRK-CTT3-1,HG02559,chr16,5883322,73,42
TRK-CTT3-1,HG02572,chr16,6210025,73,42
TRK-CTT3-1,HG02622,chr16,6112025,73,42
TRK-CTT3-1,HG02630,chr16,6127019,73,42
TRK-CTT3-1,HG02717,chr16,6094830,73,42
TRK-CTT3-1,HG02723,chr16,6014295,73,42
TRK-CTT3-1,HG02818,chr16,5964167,73,42
TRK-CTT3-1,HG02886,chr16,-1417727259,73,6
TRK-CTT3-1,HG03098,chr16,6371823,73,42
TRK-CTT3-1,HG03453,chr16,6265826,73,42
TRK-CTT3-1,HG03486,chr16,6295588,73,42
TRK-CTT3-1,HG03492,chr16,3162243,73,42
TRK-CTT3-1,HG03516,chr16,6148902,73,42
TRK-CTT3-1,HG03540,chr16,-1417708459,73,6
TRK-CTT3-1,HG03579,chr16,6243622,73,42
TRK-CTT3-1,NA18906,chr16,6062598,73,42
TRK-CTT3-1,NA20129,chr16,5442628,73,42
TRK-CTT3-1,NA21309,chr16,5137514,73,42
TRK-TTT3-2,HG00438,chr1,204506527,73,42
TRK-TTT3-2,HG00621,chr1,190286056,73,42
TRK-TTT3-2,HG00673,chr1,204432953,73,42
TRK-TTT3-2,HG00733,chr1,180939735,73,42
TRK-TTT3-2,HG00735,chr1,190328868,73,42
TRK-TTT3-2,HG00741,chr1,204494196,73,42
TRK-TTT3-2,HG01071,chr1,190310826,73,42
TRK-TTT3-2,HG01106,chr1,190205027,73,42
TRK-TTT3-2,HG01109,chr1,205182608,73,42
TRK-TTT3-2,HG01123,chr1,199691494,73,42
TRK-TTT3-2,HG01175,chr1,190263663,73,42
TRK-TTT3-2,HG01243,chr1,191303302,73,42
TRK-TTT3-2,HG01258,chr1,190166648,73,42
TRK-TTT3-2,HG01358,chr1,204355976,73,42
TRK-TTT3-2,HG01361,chr1,190153887,73,42
TRK-TTT3-2,HG01891,chr1,191846061,73,42
TRK-TTT3-2,HG01928,chr1,204229906,73,42
TRK-TTT3-2,HG01952,chr1,1519886783,73,42
TRK-TTT3-2,HG01978,chr1,204369673,73,42
TRK-TTT3-2,HG02055,chr1,191864882,73,42
TRK-TTT3-2,HG02080,chr1,204420342,73,42
TRK-TTT3-2,HG02109,chr1,191694921,73,42
TRK-TTT3-2,HG02145,chr1,182596923,73,42
TRK-TTT3-2,HG02148,chr1,194715646,73,42
TRK-TTT3-2,HG02257,chr1,191617038,73,42
TRK-TTT3-2,HG02486,chr1,191670596,73,42
TRK-TTT3-2,HG02559,chr1,182624563,73,42
TRK-TTT3-2,HG02572,chr1,1523491538,73,42
TRK-TTT3-2,HG02622,chr1,191829939,73,42
TRK-TTT3-2,HG02630,chr1,191872519,73,42
TRK-TTT3-2,HG02717,chr1,191860398,73,42
TRK-TTT3-2,HG02723,chr1,1523333165,73,42
TRK-TTT3-2,HG02818,chr1,201339523,73,42
TRK-TTT3-2,HG02886,chr1,191838902,73,42
TRK-TTT3-2,HG03098,chr1,191979520,73,42
TRK-TTT3-2,HG03453,chr1,1523557250,73,42
TRK-TTT3-2,HG03486,chr1,191990512,73,42
TRK-TTT3-2,HG03492,chr1,1520294516,73,42
TRK-TTT3-2,HG03516,chr1,1523429130,73,42
TRK-TTT3-2,HG03540,chr1,191875432,73,42
TRK-TTT3-2,HG03579,chr1,206114326,73,42
TRK-TTT3-2,NA18906,chr1,191877520,73,42
TRK-TTT3-2,NA20129,chr1,191542422,73,42
TRK-TTT3-2,NA21309,chr1,205547201,73,42
TRL-TAG2-1,HG00438,chr14,20625370,82,42
TRL-TAG2-1,HG00621,chr14,20547813,82,42
TRL-TAG2-1,HG00673,chr14,20548443,82,42
TRL-TAG2-1,HG00733,chr14,20305564,82,42
TRL-TAG2-1,HG00735,chr14,20637371,82,42
TRL-TAG2-1,HG00741,chr14,20630833,82,42
TRL-TAG2-1,HG01071,chr14,20654154,82,42
TRP-AGG1-1,HG00438,chr16,3191989,72,42
TRP-AGG1-1,HG00621,chr16,3084125,72,42
TRP-AGG1-1,HG00673,chr16,3110324,72,42
TRP-AGG1-1,HG00733,chr16,2881205,72,42
TRP-AGG1-1,HG00735,chr16,3203479,72,42
TRP-AGG1-1,HG00741,chr16,3198625,72,42
TRP-AGG1-1,HG01071,chr16,3231714,72,42
TRP-AGG1-1,HG01106,chr16,2937549,72,42
TRP-AGG1-1,HG01109,chr16,4550714,72,42
TRP-AGG1-1,HG01123,chr16,2972035,72,42
TRP-AGG1-1,HG01175,chr16,3064195,72,42
TRP-AGG1-1,HG01243,chr16,5187018,72,42
TRP-AGG1-1,HG01258,chr16,2934450,72,42
TRP-AGG1-1,HG01358,chr16,2902117,72,42
TRP-AGG1-1,HG01361,chr16,2911889,72,42
TRP-AGG1-1,HG01891,chr16,6029165,72,42
TRP-AGG1-1,HG01928,chr16,2762527,72,42
TRP-AGG1-1,HG01952,chr16,2835025,72,42
TRP-AGG1-1,HG01978,chr16,2935965,72,42
TRP-AGG1-1,HG02055,chr16,6040972,72,42
TRP-AGG1-1,HG02080,chr16,3138677,72,42
TRP-AGG1-1,HG02109,chr16,5834561,72,42
TRP-AGG1-1,HG02145,chr16,5890622,72,42
TRP-AGG1-1,HG02148,chr16,2647969,72,42
TRP-AGG1-1,HG02257,chr16,-1386190124,72,6
TRP-AGG1-1,HG02486,chr16,5691230,72,42
TRP-AGG1-1,HG02559,chr16,5917924,72,42
TRP-AGG1-1,HG02572,chr16,6244802,72,42
TRP-AGG1-1,HG02622,chr16,-1385990930,72,6
TRP-AGG1-1,HG02630,chr16,6161545,72,42
TRP-AGG1-1,HG02717,chr16,-1386005690,72,6
TRP-AGG1-1,HG02723,chr16,6048694,72,42
TRP-AGG1-1,HG02818,chr16,5998604,72,42
TRP-AGG1-1,HG02886,chr16,6062376,72,3
TRP-AGG1-1,HG03098,chr16,6406436,72,42
TRP-AGG1-1,HG03453,chr16,-1385936361,72,6
TRP-AGG1-1,HG03486,chr16,6329902,72,42
TRP-AGG1-1,HG03492,chr16,3196702,72,42
TRP-AGG1-1,HG03516,chr16,6183250,72,42
TRP-AGG1-1,HG03540,chr16,-1074799479,72,6
TRP-AGG1-1,HG03579,chr16,6278017,72,42
TRP-AGG1-1,NA18906,chr16,6097195,72,42
TRP-AGG1-1,NA20129,chr16,5477157,72,42
TRP-AGG1-1,NA21309,chr16,5172017,72,42
TRV,HG00438,chr5,181188416,73,42
TRV,HG00621,chr5,181140401,73,42
TRV,HG00673,chr5,181125256,73,42
TRV,HG00733,chr5,181025993,73,42
TRV,HG00735,chr5,181193372,73,42
TRV,HG00741,chr5,181138839,73,42
TRV,HG01071,chr5,181225452,73,42
TRV,HG01106,chr5,181088417,73,42
TRV,HG01109,chr5,181816701,73,42
TRV,HG01123,chr5,181056855,73,42
TRV,HG01175,chr5,181186094,73,42
TRV,HG01243,chr5,182111317,73,42
TRV,HG01258,chr5,181081718,73,42
TRV,HG01358,chr5,181112035,73,42
TRV,HG01361,chr5,180996585,73,42
TRV,HG01891,chr5,182493493,73,42
TRV,HG01928,chr5,180958596,73,42
TRV,HG01952,chr5,181080195,73,42
TRV,HG01978,chr5,181097671,73,42
TRV,HG02055,chr5,182512198,73,42
TRV,HG02080,chr5,181107817,73,42
TRV,HG02109,chr5,182308386,73,42
TRV,HG02145,chr5,182441200,73,42
TRV,HG02148,chr5,180943282,73,42
TRV,HG02257,chr5,182279559,73,42
TRV,HG02486,chr5,182365206,73,42
TRV,HG02559,chr5,182436183,73,42
TRV,HG02572,chr5,182520244,73,42
TRV,HG02622,chr5,182469649,73,42
TRV,HG02630,chr5,182511765,73,42
TRV,HG02717,chr5,182454415,73,42
TRV,HG02723,chr5,182395229,73,42
TRV,HG02818,chr5,182473828,73,42
TRV,HG02886,chr5,182448001,73,42
TRV,HG03098,chr5,182594438,73,42
TRV,HG03453,chr5,182519265,73,42
TRV,HG03486,chr5,182583227,73,42
TRV,HG03492,chr5,181127281,73,42
TRV,HG03516,chr5,182498055,73,42
TRV,HG03540,chr5,182466795,73,42
TRV,HG03579,chr5,182548746,73,42
TRV,NA18906,chr5,182504812,73,42
TRV,NA20129,chr5,182272104,73,42
TRV,NA21309,chr5,182117754,73,42
TRV-TAC1-1,HG00438,chr11,59550629,73,42
TRV-TAC1-1,HG00621,chr11,59332735,73,42
TRV-TAC1-1,HG00673,chr11,59414450,73,42
TRV-TAC1-1,HG00733,chr11,59164400,73,42
TRV-TAC1-1,HG00735,chr11,59493316,73,42
TRV-TAC1-1,HG00741,chr11,59569370,73,42
TRV-TAC1-1,HG01071,chr11,59583619,73,42
TRV-TAC1-1,HG01106,chr11,59233781,73,42
TRV-TAC1-1,HG01109,chr11,61297002,73,42
TRV-TAC1-1,HG01123,chr11,59337308,73,42
TRV-TAC1-1,HG01175,chr11,59352105,73,42
TRV-TAC1-1,HG01243,chr11,61902876,73,42
TRV-TAC1-1,HG01258,chr11,59222163,73,42
TRV-TAC1-1,HG01358,chr11,59096741,73,42
TRV-TAC1-1,HG01361,chr11,59282333,73,42
TRV-TAC1-1,HG01891,chr11,63238359,73,42
TRV-TAC1-1,HG01928,chr11,58898556,73,42
TRV-TAC1-1,HG01952,chr11,59118639,73,42
TRV-TAC1-1,HG01978,chr11,59140901,73,42
TRV-TAC1-1,HG02055,chr11,63132893,73,42
TRV-TAC1-1,HG02080,chr11,59489426,73,42
TRV-TAC1-1,HG02109,chr11,62923321,73,42
TRV-TAC1-1,HG02145,chr11,62978241,73,42
TRV-TAC1-1,HG02148,chr11,58860369,73,42
TRV-TAC1-1,HG02257,chr11,62550591,73,42
TRV-TAC1-1,HG02486,chr11,62738169,73,42
TRV-TAC1-1,HG02559,chr11,63013282,73,42
TRV-TAC1-1,HG02572,chr11,63379842,73,42
TRV-TAC1-1,HG02622,chr11,63270590,73,42
TRV-TAC1-1,HG02630,chr11,63307307,73,42
TRV-TAC1-1,HG02717,chr11,63190866,73,42
TRV-TAC1-1,HG02723,chr11,63170627,73,42
TRV-TAC1-1,HG02818,chr11,63122848,73,42
TRV-TAC1-1,HG02886,chr11,63182366,73,42
TRV-TAC1-1,HG03098,chr11,63542518,73,42
TRV-TAC1-1,HG03453,chr11,63509737,73,42
TRV-TAC1-1,HG03486,chr11,63488731,73,42
TRV-TAC1-1,HG03492,chr11,59493386,73,42
TRV-TAC1-1,HG03516,chr11,63351105,73,42
TRV-TAC1-1,HG03540,chr11,63107102,73,42
TRV-TAC1-1,HG03579,chr11,63343281,73,42
TRV-TAC1-1,NA18906,chr11,63246467,73,42
TRV-TAC1-1,NA20129,chr11,62392335,73,42
TRV-TAC1-1,NA21309,chr11,62143298,73,42
tRNA-Arg-CCT-3-1,HG00438,chr16,3152900,73,42
tRNA-Arg-CCT-3-1,HG00621,chr16,3045101,73,42
tRNA-Arg-CCT-3-1,HG00673,chr16,3071245,73,42
tRNA-Arg-CCT-3-1,HG00733,chr16,2842368,73,42
tRNA-Arg-CCT-3-1,HG00735,chr16,3164359,73,42
tRNA-Arg-CCT-3-1,HG00741,chr16,3159338,73,42
tRNA-Arg-CCT-3-1,HG01071,chr16,3192731,73,42
tRNA-Arg-CCT-3-1,HG01106,chr16,2898692,73,42
tRNA-Arg-CCT-3-1,HG01109,chr16,4511891,73,42
tRNA-Arg-CCT-3-1,HG01123,chr16,2933011,73,42
tRNA-Arg-CCT-3-1,HG01175,chr16,3025322,73,42
tRNA-Arg-CCT-3-1,HG01243,chr16,5147860,73,42
tRNA-Arg-CCT-3-1,HG01258,chr16,2895245,73,42
tRNA-Arg-CCT-3-1,HG01358,chr16,2863408,73,42
tRNA-Arg-CCT-3-1,HG01361,chr16,2872867,73,42
tRNA-Arg-CCT-3-1,HG01891,chr16,5990211,73,42
tRNA-Arg-CCT-3-1,HG01928,chr16,2723737,73,42
tRNA-Arg-CCT-3-1,HG01952,chr16,2795995,73,42
tRNA-Arg-CCT-3-1,HG01978,chr16,2897005,73,42
tRNA-Arg-CCT-3-1,HG02055,chr16,6002045,73,42
tRNA-Arg-CCT-3-1,HG02080,chr16,3099746,73,42
tRNA-Arg-CCT-3-1,HG02109,chr16,5795734,73,42
tRNA-Arg-CCT-3-1,HG02145,chr16,5851667,73,42
tRNA-Arg-CCT-3-1,HG02148,chr16,2609241,73,42
tRNA-Arg-CCT-3-1,HG02257,chr16,5545381,73,42
tRNA-Arg-CCT-3-1,HG02486,chr16,5652240,73,42
tRNA-Arg-CCT-3-1,HG02559,chr16,5878821,73,42
tRNA-Arg-CCT-3-1,HG02572,chr16,6205585,73,42
tRNA-Arg-CCT-3-1,HG02622,chr16,6107577,73,42
tRNA-Arg-CCT-3-1,HG02630,chr16,6122567,73,42
tRNA-Arg-CCT-3-1,HG02717,chr16,6090413,73,42
tRNA-Arg-CCT-3-1,HG02723,chr16,6009827,73,42
tRNA-Arg-CCT-3-1,HG02818,chr16,5959718,73,42
tRNA-Arg-CCT-3-1,HG02886,chr16,6027098,73,42
tRNA-Arg-CCT-3-1,HG03098,chr16,6367379,73,42
tRNA-Arg-CCT-3-1,HG03453,chr16,6261377,73,42
tRNA-Arg-CCT-3-1,HG03486,chr16,6291131,73,42
tRNA-Arg-CCT-3-1,HG03492,chr16,3157734,73,42
tRNA-Arg-CCT-3-1,HG03516,chr16,6144445,73,42
tRNA-Arg-CCT-3-1,HG03540,chr16,6006258,73,42
tRNA-Arg-CCT-3-1,HG03579,chr16,6239150,73,42
tRNA-Arg-CCT-3-1,NA18906,chr16,6058105,73,42
tRNA-Arg-CCT-3-1,NA20129,chr16,5438183,73,42
tRNA-Arg-CCT-3-1,NA21309,chr16,5133074,73,42
tRNA-Gln-CTG-2-1,HG00438,chr6,27547752,72,42
tRNA-Gln-CTG-2-1,HG00621,chr6,27492648,72,42
tRNA-Gln-CTG-2-1,HG00673,chr6,27475376,72,42
tRNA-Gln-CTG-2-1,HG00733,chr6,27375153,72,42
tRNA-Gln-CTG-2-1,HG00735,chr6,27563033,72,42
tRNA-Gln-CTG-2-1,HG00741,chr6,27499642,72,42
tRNA-Gln-CTG-2-1,HG01071,chr6,27576395,72,42
tRNA-Gln-CTG-2-1,HG01106,chr6,27427862,72,42
tRNA-Gln-CTG-2-1,HG01109,chr6,28191204,72,42
tRNA-Gln-CTG-2-1,HG01123,chr6,27409607,72,42
tRNA-Gln-CTG-2-1,HG01175,chr6,27532122,72,42
tRNA-Gln-CTG-2-1,HG01243,chr6,28498132,72,42
tRNA-Gln-CTG-2-1,HG01258,chr6,27428947,72,42
tRNA-Gln-CTG-2-1,HG01358,chr6,27458802,72,42
tRNA-Gln-CTG-2-1,HG01361,chr6,27373944,72,42
tRNA-Gln-CTG-2-1,HG01891,chr6,28892723,72,42
tRNA-Gln-CTG-2-1,HG01928,chr6,27309973,72,42
tRNA-Gln-CTG-2-1,HG01952,chr6,27429491,72,42
tRNA-Gln-CTG-2-1,HG01978,chr6,27454350,72,42
tRNA-Gln-CTG-2-1,HG02055,chr6,28904393,72,42
tRNA-Gln-CTG-2-1,HG02080,chr6,27461548,72,42
tRNA-Gln-CTG-2-1,HG02109,chr6,28706075,72,42
tRNA-Gln-CTG-2-1,HG02145,chr6,28847734,72,42
tRNA-Gln-CTG-2-1,HG02148,chr6,27289382,72,42
tRNA-Gln-CTG-2-1,HG02257,chr6,28663855,72,42
tRNA-Gln-CTG-2-1,HG02486,chr6,28759276,72,42
tRNA-Gln-CTG-2-1,HG02559,chr6,28817085,72,42
tRNA-Gln-CTG-2-1,HG02572,chr6,28917669,72,42
tRNA-Gln-CTG-2-1,HG02622,chr6,28864411,72,42
tRNA-Gln-CTG-2-1,HG02630,chr6,28906508,72,42
tRNA-Gln-CTG-2-1,HG02717,chr6,28846533,72,42
tRNA-Gln-CTG-2-1,HG02723,chr6,28793028,72,42
tRNA-Gln-CTG-2-1,HG02818,chr6,28868904,72,42
tRNA-Gln-CTG-2-1,HG02886,chr6,28844939,72,42
tRNA-Gln-CTG-2-1,HG03098,chr6,28983477,72,42
tRNA-Gln-CTG-2-1,HG03453,chr6,28918190,72,42
tRNA-Gln-CTG-2-1,HG03486,chr6,28982486,72,42
tRNA-Gln-CTG-2-1,HG03492,chr6,27483742,72,42
tRNA-Gln-CTG-2-1,HG03516,chr6,28893725,72,42
tRNA-Gln-CTG-2-1,HG03540,chr6,28859753,72,42
tRNA-Gln-CTG-2-1,HG03579,chr6,28951816,72,42
tRNA-Gln-CTG-2-1,NA18906,chr6,28894422,72,42
tRNA-Gln-CTG-2-1,NA20129,chr6,28657071,72,42
tRNA-Gln-CTG-2-1,NA21309,chr6,28513196,72,42
tRNA-Glu-CTC-1-2,HG00438,chr1,146035692,72,42
tRNA-Glu-CTC-1-2,HG00621,chr1,145978348,72,42
tRNA-Glu-CTC-1-2,HG00673,chr1,145964633,72,42
tRNA-Glu-CTC-1-2,HG00733,chr1,145867170,72,42
tRNA-Glu-CTC-1-2,HG00735,chr1,146053641,72,42
tRNA-Glu-CTC-1-2,HG00741,chr1,300945059,72,42
tRNA-Glu-CTC-1-2,HG01071,chr1,146062147,72,42
tRNA-Glu-CTC-1-2,HG01106,chr1,314921806,72,42
tRNA-Glu-CTC-1-2,HG01109,chr1,146675390,72,42
tRNA-Glu-CTC-1-2,HG01123,chr1,145897018,72,42
tRNA-Glu-CTC-1-2,HG01175,chr1,146016912,72,42
tRNA-Glu-CTC-1-2,HG01243,chr1,297335441,72,42
tRNA-Glu-CTC-1-2,HG01258,chr1,145909854,72,42
tRNA-Glu-CTC-1-2,HG01358,chr1,145948762,72,42
tRNA-Glu-CTC-1-2,HG01361,chr1,296186026,72,42
tRNA-Glu-CTC-1-2,HG01891,chr1,297878200,72,42
tRNA-Glu-CTC-1-2,HG01928,chr1,145797062,72,42
tRNA-Glu-CTC-1-2,HG01952,chr1,145917920,72,42
tRNA-Glu-CTC-1-2,HG01978,chr1,296246141,72,42
tRNA-Glu-CTC-1-2,HG02055,chr1,147390815,72,42
tRNA-Glu-CTC-1-2,HG02080,chr1,145946520,72,42
tRNA-Glu-CTC-1-2,HG02109,chr1,-823635010,72,42
tRNA-Glu-CTC-1-2,HG02145,chr1,-823613146,72,42
tRNA-Glu-CTC-1-2,HG02148,chr1,145772937,72,42
tRNA-Glu-CTC-1-2,HG02257,chr1,316333817,72,42
tRNA-Glu-CTC-1-2,HG02486,chr1,316387375,72,42
tRNA-Glu-CTC-1-2,HG02559,chr1,316520575,72,42
tRNA-Glu-CTC-1-2,HG02572,chr1,316637852,72,42
tRNA-Glu-CTC-1-2,HG02622,chr1,316546718,72,42
tRNA-Glu-CTC-1-2,HG02630,chr1,316589298,72,42
tRNA-Glu-CTC-1-2,HG02717,chr1,316577177,72,42
tRNA-Glu-CTC-1-2,HG02723,chr1,147283132,72,42
tRNA-Glu-CTC-1-2,HG02818,chr1,316550825,72,42
tRNA-Glu-CTC-1-2,HG02886,chr1,316555681,72,42
tRNA-Glu-CTC-1-2,HG03098,chr1,147474235,72,42
tRNA-Glu-CTC-1-2,HG03453,chr1,316637137,72,42
tRNA-Glu-CTC-1-2,HG03486,chr1,147471747,72,42
tRNA-Glu-CTC-1-2,HG03492,chr1,-823771223,72,42
tRNA-Glu-CTC-1-2,HG03516,chr1,316589154,72,42
tRNA-Glu-CTC-1-2,HG03540,chr1,316592211,72,42
tRNA-Glu-CTC-1-2,HG03579,chr1,316675434,72,42
tRNA-Glu-CTC-1-2,NA18906,chr1,316594299,72,42
tRNA-Glu-CTC-1-2,NA20129,chr1,302148956,72,42
tRNA-Glu-CTC-1-2,NA21309,chr1,316108309,72,42
tRNA-Glu-TTC-4-1,HG00438,chr1,16535279,72,42
tRNA-Glu-TTC-4-1,HG00621,chr1,16541451,72,42
tRNA-Glu-TTC-4-1,HG00673,chr1,16563515,72,42
tRNA-Glu-TTC-4-1,HG00733,chr1,16493705,72,42
tRNA-Glu-TTC-4-1,HG00735,chr1,16525254,72,42
tRNA-Glu-TTC-4-1,HG00741,chr1,16528191,72,42
tRNA-Glu-TTC-4-1,HG01071,chr1,16558550,72,42
tRNA-Glu-TTC-4-1,HG01106,chr1,16535579,72,42
tRNA-Glu-TTC-4-1,HG01109,chr1,16640127,72,42
tRNA-Glu-TTC-4-1,HG01123,chr1,16521925,72,42
tRNA-Glu-TTC-4-1,HG01175,chr1,16538454,72,42
tRNA-Glu-TTC-4-1,HG01243,chr1,16623280,72,42
tRNA-Glu-TTC-4-1,HG01258,chr1,16510073,72,42
tRNA-Glu-TTC-4-1,HG01358,chr1,16524833,72,42
tRNA-Glu-TTC-4-1,HG01361,chr1,16518683,72,42
tRNA-Glu-TTC-4-1,HG01891,chr1,16713077,72,42
tRNA-Glu-TTC-4-1,HG01928,chr1,16530916,72,42
tRNA-Glu-TTC-4-1,HG01952,chr1,16517425,72,42
tRNA-Glu-TTC-4-1,HG01978,chr1,16520574,72,42
tRNA-Glu-TTC-4-1,HG02055,chr1,16728459,72,42
tRNA-Glu-TTC-4-1,HG02080,chr1,16545006,72,42
tRNA-Glu-TTC-4-1,HG02109,chr1,16714916,72,42
tRNA-Glu-TTC-4-1,HG02145,chr1,16731570,72,42
tRNA-Glu-TTC-4-1,HG02148,chr1,16517632,72,42
tRNA-Glu-TTC-4-1,HG02257,chr1,16719000,72,42
tRNA-Glu-TTC-4-1,HG02486,chr1,16697611,72,42
tRNA-Glu-TTC-4-1,HG02559,chr1,16679514,72,42
tRNA-Glu-TTC-4-1,HG02572,chr1,16701943,72,42
tRNA-Glu-TTC-4-1,HG02622,chr1,16714913,72,42
tRNA-Glu-TTC-4-1,HG02630,chr1,16713717,72,42
tRNA-Glu-TTC-4-1,HG02717,chr1,16726250,72,42
tRNA-Glu-TTC-4-1,HG02723,chr1,16677509,72,42
tRNA-Glu-TTC-4-1,HG02818,chr1,16735698,72,42
tRNA-Glu-TTC-4-1,HG02886,chr1,16689224,72,42
tRNA-Glu-TTC-4-1,HG03098,chr1,16730872,72,42
tRNA-Glu-TTC-4-1,HG03453,chr1,-129354469,72,42
tRNA-Glu-TTC-4-1,HG03486,chr1,16719311,72,42
tRNA-Glu-TTC-4-1,HG03492,chr1,16538674,72,42
tRNA-Glu-TTC-4-1,HG03516,chr1,16698347,72,42
tRNA-Glu-TTC-4-1,HG03540,chr1,16721730,72,42
tRNA-Glu-TTC-4-1,HG03579,chr1,16714544,72,42
tRNA-Glu-TTC-4-1,NA18906,chr1,16702347,72,42
tRNA-Glu-TTC-4-1,NA20129,chr1,16696448,72,42
tRNA-Glu-TTC-4-1,NA21309,chr1,16664682,72,42
tRNA-Gly-CCC-4-1,HG00438,chr1,16678271,71,42
tRNA-Gly-CCC-4-1,HG00621,chr1,16666818,71,42
tRNA-Gly-CCC-4-1,HG00673,chr1,16675844,71,42
tRNA-Gly-CCC-4-1,HG00733,chr1,16668396,71,42
tRNA-Gly-CCC-4-1,HG00735,chr1,16671459,71,42
tRNA-Gly-CCC-4-1,HG00741,chr1,16669458,71,42
tRNA-Gly-CCC-4-1,HG01071,chr1,16670986,71,42
tRNA-Gly-CCC-4-1,HG01106,chr1,16676893,71,42
tRNA-Gly-CCC-4-1,HG01109,chr1,16710405,71,42
tRNA-Gly-CCC-4-1,HG01123,chr1,16681410,71,42
tRNA-Gly-CCC-4-1,HG01175,chr1,16671100,71,42
tRNA-Gly-CCC-4-1,HG01243,chr1,16701979,71,42
tRNA-Gly-CCC-4-1,HG01258,chr1,16669165,71,42
tRNA-Gly-CCC-4-1,HG01358,chr1,16672260,71,42
tRNA-Gly-CCC-4-1,HG01361,chr1,16672767,71,42
tRNA-Gly-CCC-4-1,HG01891,chr1,16717233,71,42
tRNA-Gly-CCC-4-1,HG01928,chr1,16670771,71,42
tRNA-Gly-CCC-4-1,HG01952,chr1,16670002,71,42
tRNA-Gly-CCC-4-1,HG01978,chr1,16670384,71,42
tRNA-Gly-CCC-4-1,HG02055,chr1,16718977,71,42
tRNA-Gly-CCC-4-1,HG02080,chr1,16676559,71,42
tRNA-Gly-CCC-4-1,HG02109,chr1,16713063,71,42
tRNA-Gly-CCC-4-1,HG02145,chr1,16716469,71,42
tRNA-Gly-CCC-4-1,HG02148,chr1,16666749,71,42
tRNA-Gly-CCC-4-1,HG02257,chr1,16702471,71,42
tRNA-Gly-CCC-4-1,HG02486,chr1,16681135,71,42
tRNA-Gly-CCC-4-1,HG02559,chr1,16710265,71,42
tRNA-Gly-CCC-4-1,HG02572,chr1,16712524,71,42
tRNA-Gly-CCC-4-1,HG02622,chr1,16712282,71,42
tRNA-Gly-CCC-4-1,HG02630,chr1,16709158,71,42
tRNA-Gly-CCC-4-1,HG02717,chr1,16721066,71,42
tRNA-Gly-CCC-4-1,HG02723,chr1,16710621,71,42
tRNA-Gly-CCC-4-1,HG02818,chr1,16723293,71,42
tRNA-Gly-CCC-4-1,HG02886,chr1,16714284,71,42
tRNA-Gly-CCC-4-1,HG03098,chr1,16727760,71,42
tRNA-Gly-CCC-4-1,HG03453,chr1,16708002,71,42
tRNA-Gly-CCC-4-1,HG03486,chr1,16713926,71,42
tRNA-Gly-CCC-4-1,HG03492,chr1,16675094,71,42
tRNA-Gly-CCC-4-1,HG03516,chr1,16719577,71,42
tRNA-Gly-CCC-4-1,HG03540,chr1,16715396,71,42
tRNA-Gly-CCC-4-1,HG03579,chr1,16720442,71,42
tRNA-Gly-CCC-4-1,NA18906,chr1,16717914,71,42
tRNA-Gly-CCC-4-1,NA20129,chr1,16707838,71,42
tRNA-Gly-CCC-4-1,NA21309,chr1,16711218,71,42
tRNA-Gly-GCC-2-4,HG00438,chr1,161523847,71,42
tRNA-Gly-GCC-2-4,HG00621,chr1,2571773747,71,42
tRNA-Gly-GCC-2-4,HG00673,chr1,1114558361,71,42
tRNA-Gly-GCC-2-4,HG00733,chr1,2571580574,71,42
tRNA-Gly-GCC-2-4,HG00735,chr1,2571897027,71,42
tRNA-Gly-GCC-2-4,HG00741,chr1,411532603,71,42
tRNA-Gly-GCC-2-4,HG01071,chr1,161547465,71,42
tRNA-Gly-GCC-2-4,HG01106,chr1,161524739,71,42
tRNA-Gly-GCC-2-4,HG01109,chr1,1115273093,71,42
tRNA-Gly-GCC-2-4,HG01123,chr1,1114492743,71,42
tRNA-Gly-GCC-2-4,HG01175,chr1,1114614038,71,42
tRNA-Gly-GCC-2-4,HG01243,chr1,2573870335,71,42
tRNA-Gly-GCC-2-4,HG01258,chr1,161499243,71,42
tRNA-Gly-GCC-2-4,HG01358,chr1,1114542717,71,42
tRNA-Gly-GCC-2-4,HG01361,chr1,411426812,71,42
tRNA-Gly-GCC-2-4,HG01891,chr1,2574856995,71,42
tRNA-Gly-GCC-2-4,HG01928,chr1,411487297,71,42
tRNA-Gly-GCC-2-4,HG01952,chr1,2571488136,71,42
tRNA-Gly-GCC-2-4,HG01978,chr1,411485601,71,42
tRNA-Gly-GCC-2-4,HG02055,chr1,1115987511,71,42
tRNA-Gly-GCC-2-4,HG02080,chr1,411508553,71,42
tRNA-Gly-GCC-2-4,HG02109,chr1,1115789687,71,42
tRNA-Gly-GCC-2-4,HG02145,chr1,1115930690,71,42
tRNA-Gly-GCC-2-4,HG02148,chr1,2571304995,71,42
tRNA-Gly-GCC-2-4,HG02257,chr1,1115747300,71,42
tRNA-Gly-GCC-2-4,HG02486,chr1,161686863,71,42
tRNA-Gly-GCC-2-4,HG02559,chr1,2574713109,71,42
tRNA-Gly-GCC-2-4,HG02572,chr1,411986633,71,42
tRNA-Gly-GCC-2-4,HG02622,chr1,2574966206,71,42
tRNA-Gly-GCC-2-4,HG02630,chr1,2574977086,71,42
tRNA-Gly-GCC-2-4,HG02717,chr1,161715226,71,42
tRNA-Gly-GCC-2-4,HG02723,chr1,161666715,71,42
tRNA-Gly-GCC-2-4,HG02818,chr1,2574809669,71,42
tRNA-Gly-GCC-2-4,HG02886,chr1,1115928623,71,42
tRNA-Gly-GCC-2-4,HG03098,chr1,2575215876,71,42
tRNA-Gly-GCC-2-4,HG03453,chr1,1116002129,71,42
tRNA-Gly-GCC-2-4,HG03486,chr1,2575116466,71,42
tRNA-Gly-GCC-2-4,HG03492,chr1,1114565505,71,42
tRNA-Gly-GCC-2-4,HG03516,chr1,411970852,71,42
tRNA-Gly-GCC-2-4,HG03540,chr1,161711214,71,42
tRNA-Gly-GCC-2-4,HG03579,chr1,412006957,71,42
tRNA-Gly-GCC-2-4,NA18906,chr1,411999223,71,42
tRNA-Gly-GCC-2-4,NA20129,chr1,2574247633,71,42
tRNA-Gly-GCC-2-4,NA21309,chr1,411875343,71,42
tRNA-Ile-AAT-12-1,HG00438,chr6,57800211,74,42
tRNA-Ile-AAT-12-1,HG00621,chr6,57741361,74,42
tRNA-Ile-AAT-12-1,HG00673,chr6,57712995,74,42
tRNA-Ile-AAT-12-1,HG00733,chr6,57623756,74,42
tRNA-Ile-AAT-12-1,HG00735,chr6,57801152,74,42
tRNA-Ile-AAT-12-1,HG00741,chr6,57785517,74,42
tRNA-Ile-AAT-12-1,HG01071,chr6,57803631,74,42
tRNA-Ile-AAT-12-1,HG01106,chr6,57673752,74,42
tRNA-Ile-AAT-12-1,HG01109,chr6,58443257,74,42
tRNA-Ile-AAT-12-1,HG01123,chr6,57659671,74,42
tRNA-Ile-AAT-12-1,HG01175,chr6,57724891,74,42
tRNA-Ile-AAT-12-1,HG01243,chr6,58757861,74,42
tRNA-Ile-AAT-12-1,HG01258,chr6,57641313,74,42
tRNA-Ile-AAT-12-1,HG01358,chr6,57706427,74,42
tRNA-Ile-AAT-12-1,HG01361,chr6,57649440,74,42
tRNA-Ile-AAT-12-1,HG01891,chr6,59155113,74,42
tRNA-Ile-AAT-12-1,HG01928,chr6,57552043,74,42
tRNA-Ile-AAT-12-1,HG01952,chr6,57682161,74,42
tRNA-Ile-AAT-12-1,HG01978,chr6,57695597,74,42
tRNA-Ile-AAT-12-1,HG02055,chr6,59174202,74,42
tRNA-Ile-AAT-12-1,HG02080,chr6,57722014,74,42
tRNA-Ile-AAT-12-1,HG02109,chr6,59005077,74,42
tRNA-Ile-AAT-12-1,HG02145,chr6,59114043,74,42
tRNA-Ile-AAT-12-1,HG02148,chr6,57526623,74,42
tRNA-Ile-AAT-12-1,HG02257,chr6,58945358,74,42
tRNA-Ile-AAT-12-1,HG02486,chr6,59032344,74,42
tRNA-Ile-AAT-12-1,HG02559,chr6,59102413,74,42
tRNA-Ile-AAT-12-1,HG02572,chr6,59210806,74,42
tRNA-Ile-AAT-12-1,HG02622,chr6,59151649,74,42
tRNA-Ile-AAT-12-1,HG02630,chr6,59179697,74,42
tRNA-Ile-AAT-12-1,HG02717,chr6,59151074,74,42
tRNA-Ile-AAT-12-1,HG02723,chr6,59088022,74,42
tRNA-Ile-AAT-12-1,HG02818,chr6,59153649,74,42
tRNA-Ile-AAT-12-1,HG02886,chr6,59140981,74,42
tRNA-Ile-AAT-12-1,HG03098,chr6,59270874,74,42
tRNA-Ile-AAT-12-1,HG03453,chr6,59209767,74,42
tRNA-Ile-AAT-12-1,HG03486,chr6,59260930,74,42
tRNA-Ile-AAT-12-1,HG03492,chr6,57728660,74,42
tRNA-Ile-AAT-12-1,HG03516,chr6,59179022,74,42
tRNA-Ile-AAT-12-1,HG03540,chr6,59149725,74,42
tRNA-Ile-AAT-12-1,HG03579,chr6,59234407,74,42
tRNA-Ile-AAT-12-1,NA18906,chr6,59176049,74,42
tRNA-Ile-AAT-12-1,NA20129,chr6,58920842,74,42
tRNA-Ile-AAT-12-1,NA21309,chr6,58741584,74,42
tRNA-Pro-AGG-2-4,HG00438,chr11,76235513,72,42
tRNA-Pro-AGG-2-4,HG00621,chr11,76166788,72,42
tRNA-Pro-AGG-2-4,HG00673,chr11,76184545,72,42
tRNA-Pro-AGG-2-4,HG00733,chr11,617420338,72,42
tRNA-Pro-AGG-2-4,HG00735,chr11,76251102,72,42
tRNA-Pro-AGG-2-4,HG00741,chr11,76279659,72,42
tRNA-Pro-AGG-2-4,HG01071,chr11,-772738728,72,42
tRNA-Pro-AGG-2-4,HG01106,chr11,617476680,72,42
tRNA-Pro-AGG-2-4,HG01109,chr11,77296585,72,42
tRNA-Pro-AGG-2-4,HG01123,chr11,76068084,72,42
tRNA-Pro-AGG-2-4,HG01175,chr11,-772779356,72,42
tRNA-Pro-AGG-2-4,HG01243,chr11,619726129,72,42
tRNA-Pro-AGG-2-4,HG01258,chr11,76033726,72,42
tRNA-Pro-AGG-2-4,HG01358,chr11,617441280,72,42
tRNA-Pro-AGG-2-4,HG01361,chr11,617451020,72,42
tRNA-Pro-AGG-2-4,HG01891,chr11,-771420434,72,42
tRNA-Pro-AGG-2-4,HG01928,chr11,-773002447,72,42
tRNA-Pro-AGG-2-4,HG01952,chr11,75997887,72,42
tRNA-Pro-AGG-2-4,HG01978,chr11,617475104,72,42
tRNA-Pro-AGG-2-4,HG02055,chr11,620580081,72,42
tRNA-Pro-AGG-2-4,HG02080,chr11,617677840,72,42
tRNA-Pro-AGG-2-4,HG02109,chr11,78426093,72,42
tRNA-Pro-AGG-2-4,HG02145,chr11,-771467061,72,42
tRNA-Pro-AGG-2-4,HG02148,chr11,617187132,72,42
tRNA-Pro-AGG-2-4,HG02257,chr11,-771648600,72,42
tRNA-Pro-AGG-2-4,HG02486,chr11,-771552034,72,42
tRNA-Pro-AGG-2-4,HG02559,chr11,-460333901,72,42
tRNA-Pro-AGG-2-4,HG02572,chr11,78721368,72,42
tRNA-Pro-AGG-2-4,HG02622,chr11,-771449406,72,42
tRNA-Pro-AGG-2-4,HG02630,chr11,620700650,72,42
tRNA-Pro-AGG-2-4,HG02717,chr11,78686440,72,42
tRNA-Pro-AGG-2-4,HG02723,chr11,620587825,72,42
tRNA-Pro-AGG-2-4,HG02818,chr11,78569658,72,42
tRNA-Pro-AGG-2-4,HG02886,chr11,620605448,72,42
tRNA-Pro-AGG-2-4,HG03098,chr11,-771327958,72,42
tRNA-Pro-AGG-2-4,HG03453,chr11,-771394837,72,42
tRNA-Pro-AGG-2-4,HG03486,chr11,-771331242,72,42
tRNA-Pro-AGG-2-4,HG03492,chr11,-772828220,72,42
tRNA-Pro-AGG-2-4,HG03516,chr11,-771417792,72,42
tRNA-Pro-AGG-2-4,HG03540,chr11,620584317,72,42
tRNA-Pro-AGG-2-4,HG03579,chr11,-771361437,72,42
tRNA-Pro-AGG-2-4,NA18906,chr11,-771418351,72,42
tRNA-Pro-AGG-2-4,NA20129,chr11,78193755,72,42
tRNA-Pro-AGG-2-4,NA21309,chr11,77899026,72,42
tRNA-Pro-TGG-1-1,HG00438,chr14,20633006,72,42
tRNA-Pro-TGG-1-1,HG00621,chr14,20555424,72,42
tRNA-Pro-TGG-1-1,HG00673,chr14,20556085,72,42
tRNA-Pro-TGG-1-1,HG00733,chr14,20313237,72,42
tRNA-Pro-TGG-1-1,HG00735,chr14,20645052,72,42
tRNA-Pro-TGG-1-1,HG00741,chr14,20638495,72,42
tRNA-Pro-TGG-1-1,HG01071,chr14,20661807,72,42
tRNA-Pro-TGG-1-1,HG01106,chr14,20391007,72,42
tRNA-Pro-TGG-1-1,HG01109,chr14,21867431,72,42
tRNA-Pro-TGG-1-1,HG01123,chr14,20439052,72,42
tRNA-Pro-TGG-1-1,HG01175,chr14,20522232,72,42
tRNA-Pro-TGG-1-1,HG01243,chr14,22503692,72,42
tRNA-Pro-TGG-1-1,HG01258,chr14,20382359,72,42
tRNA-Pro-TGG-1-1,HG01358,chr14,20343275,72,42
tRNA-Pro-TGG-1-1,HG01361,chr14,20351539,72,42
tRNA-Pro-TGG-1-1,HG01891,chr14,23224616,72,42
tRNA-Pro-TGG-1-1,HG01928,chr14,20222845,72,42
tRNA-Pro-TGG-1-1,HG01952,chr14,20354523,72,42
tRNA-Pro-TGG-1-1,HG01978,chr14,20423900,72,42
tRNA-Pro-TGG-1-1,HG02055,chr14,23271997,72,42
tRNA-Pro-TGG-1-1,HG02080,chr14,20558616,72,42
tRNA-Pro-TGG-1-1,HG02109,chr14,23078998,72,42
tRNA-Pro-TGG-1-1,HG02145,chr14,23124285,72,42
tRNA-Pro-TGG-1-1,HG02148,chr14,20118430,72,42
tRNA-Pro-TGG-1-1,HG02257,chr14,22833655,72,42
tRNA-Pro-TGG-1-1,HG02486,chr14,22980663,72,42
tRNA-Pro-TGG-1-1,HG02559,chr14,23130786,72,42
tRNA-Pro-TGG-1-1,HG02572,chr14,23410014,72,42
tRNA-Pro-TGG-1-1,HG02622,chr14,23367062,72,42
tRNA-Pro-TGG-1-1,HG02630,chr14,23328984,72,42
tRNA-Pro-TGG-1-1,HG02717,chr14,23363214,72,42
tRNA-Pro-TGG-1-1,HG02723,chr14,23265754,72,42
tRNA-Pro-TGG-1-1,HG02818,chr14,23217548,72,42
tRNA-Pro-TGG-1-1,HG02886,chr14,23285163,72,42
tRNA-Pro-TGG-1-1,HG03098,chr14,23583677,72,42
tRNA-Pro-TGG-1-1,HG03453,chr14,23492890,72,42
tRNA-Pro-TGG-1-1,HG03486,chr14,23517761,72,42
tRNA-Pro-TGG-1-1,HG03492,chr14,20634180,72,42
tRNA-Pro-TGG-1-1,HG03516,chr14,23392523,72,42
tRNA-Pro-TGG-1-1,HG03540,chr14,23286615,72,42
tRNA-Pro-TGG-1-1,HG03579,chr14,23455612,72,42
tRNA-Pro-TGG-1-1,NA18906,chr14,23293735,72,42
tRNA-Pro-TGG-1-1,NA20129,chr14,22777557,72,42
tRNA-Pro-TGG-1-1,NA21309,chr14,22445370,72,42
tRNA-Thr-CGT-5-1,HG00438,chr6,27618356,74,42
tRNA-Thr-CGT-5-1,HG00621,chr6,27563091,74,42
tRNA-Thr-CGT-5-1,HG00673,chr6,27545594,74,42
tRNA-Thr-CGT-5-1,HG00733,chr6,27445710,74,42
tRNA-Thr-CGT-5-1,HG00735,chr6,27633651,74,42
tRNA-Thr-CGT-5-1,HG00741,chr6,27570167,74,42
tRNA-Thr-CGT-5-1,HG01071,chr6,27646913,74,42
tRNA-Thr-CGT-5-1,HG01106,chr6,27498416,74,42
tRNA-Thr-CGT-5-1,HG01109,chr6,28261756,74,42
tRNA-Thr-CGT-5-1,HG01123,chr6,27480174,74,42
tRNA-Thr-CGT-5-1,HG01175,chr6,27602547,74,42
tRNA-Thr-CGT-5-1,HG01243,chr6,28568630,74,42
tRNA-Thr-CGT-5-1,HG01258,chr6,27499501,74,42
tRNA-Thr-CGT-5-1,HG01358,chr6,27529356,74,42
tRNA-Thr-CGT-5-1,HG01361,chr6,27444547,74,42
tRNA-Thr-CGT-5-1,HG01891,chr6,28963648,74,42
tRNA-Thr-CGT-5-1,HG01928,chr6,27380562,74,42
tRNA-Thr-CGT-5-1,HG01952,chr6,27499906,74,42
tRNA-Thr-CGT-5-1,HG01978,chr6,27524875,74,42
tRNA-Thr-CGT-5-1,HG02055,chr6,28975108,74,42
tRNA-Thr-CGT-5-1,HG02080,chr6,27532106,74,42
tRNA-Thr-CGT-5-1,HG02109,chr6,28776633,74,42
tRNA-Thr-CGT-5-1,HG02145,chr6,28918311,74,42
tRNA-Thr-CGT-5-1,HG02148,chr6,27359818,74,42
tRNA-Thr-CGT-5-1,HG02257,chr6,28734520,74,42
tRNA-Thr-CGT-5-1,HG02486,chr6,28829944,74,42
tRNA-Thr-CGT-5-1,HG02559,chr6,28887593,74,42
tRNA-Thr-CGT-5-1,HG02572,chr6,28988206,74,42
tRNA-Thr-CGT-5-1,HG02622,chr6,28934969,74,42
tRNA-Thr-CGT-5-1,HG02630,chr6,28976942,74,42
tRNA-Thr-CGT-5-1,HG02717,chr6,28917011,74,42
tRNA-Thr-CGT-5-1,HG02723,chr6,28863559,74,42
tRNA-Thr-CGT-5-1,HG02818,chr6,28939597,74,42
tRNA-Thr-CGT-5-1,HG02886,chr6,28915480,74,42
tRNA-Thr-CGT-5-1,HG03098,chr6,29054086,74,42
tRNA-Thr-CGT-5-1,HG03453,chr6,28988770,74,42
tRNA-Thr-CGT-5-1,HG03486,chr6,29053027,74,42
tRNA-Thr-CGT-5-1,HG03492,chr6,27554298,74,42
tRNA-Thr-CGT-5-1,HG03516,chr6,28964573,74,42
tRNA-Thr-CGT-5-1,HG03540,chr6,28930196,74,42
tRNA-Thr-CGT-5-1,HG03579,chr6,29022484,74,42
tRNA-Thr-CGT-5-1,NA18906,chr6,28965084,74,42
tRNA-Thr-CGT-5-1,NA20129,chr6,28727669,74,42
tRNA-Thr-CGT-5-1,NA21309,chr6,28583780,74,42
tRNA-Thr-TGT-4-1,HG00438,chr14,20631160,73,42
tRNA-Thr-TGT-4-1,HG00621,chr14,20553582,73,42
tRNA-Thr-TGT-4-1,HG00673,chr14,20554247,73,42
tRNA-Thr-TGT-4-1,HG00733,chr14,20311371,73,42
tRNA-Thr-TGT-4-1,HG00735,chr14,-1195670231,73,42
tRNA-Thr-TGT-4-1,HG00741,chr14,20636629,73,42
tRNA-Thr-TGT-4-1,HG01071,chr14,20659941,73,42
tRNA-Thr-TGT-4-1,HG01106,chr14,20389117,73,42
tRNA-Thr-TGT-4-1,HG01109,chr14,21865605,73,42
tRNA-Thr-TGT-4-1,HG01123,chr14,20437166,73,42
tRNA-Thr-TGT-4-1,HG01175,chr14,20520352,73,42
tRNA-Thr-TGT-4-1,HG01243,chr14,-1194752282,73,42
tRNA-Thr-TGT-4-1,HG01258,chr14,20380533,73,42
tRNA-Thr-TGT-4-1,HG01358,chr14,20341389,73,42
tRNA-Thr-TGT-4-1,HG01361,chr14,20349667,73,42
tRNA-Thr-TGT-4-1,HG01891,chr14,23222778,73,42
tRNA-Thr-TGT-4-1,HG01928,chr14,20220993,73,42
tRNA-Thr-TGT-4-1,HG01952,chr14,20352639,73,42
tRNA-Thr-TGT-4-1,HG01978,chr14,20422034,73,42
tRNA-Thr-TGT-4-1,HG02055,chr14,23270125,73,42
tRNA-Thr-TGT-4-1,HG02080,chr14,20556772,73,42
tRNA-Thr-TGT-4-1,HG02109,chr14,23077108,73,42
tRNA-Thr-TGT-4-1,HG02145,chr14,23122393,73,42
tRNA-Thr-TGT-4-1,HG02148,chr14,20116564,73,42
tRNA-Thr-TGT-4-1,HG02257,chr14,22831761,73,42
tRNA-Thr-TGT-4-1,HG02486,chr14,22978791,73,42
tRNA-Thr-TGT-4-1,HG02559,chr14,23128908,73,42
tRNA-Thr-TGT-4-1,HG02572,chr14,23408134,73,42
tRNA-Thr-TGT-4-1,HG02622,chr14,23365202,73,42
tRNA-Thr-TGT-4-1,HG02630,chr14,23327114,73,42
tRNA-Thr-TGT-4-1,HG02717,chr14,23361330,73,42
tRNA-Thr-TGT-4-1,HG02723,chr14,23263924,73,42
tRNA-Thr-TGT-4-1,HG02818,chr14,-1194389758,73,42
tRNA-Thr-TGT-4-1,HG02886,chr14,23283289,73,42
tRNA-Thr-TGT-4-1,HG03098,chr14,23581829,73,42
tRNA-Thr-TGT-4-1,HG03453,chr14,23491014,73,42
tRNA-Thr-TGT-4-1,HG03486,chr14,23515923,73,42
tRNA-Thr-TGT-4-1,HG03492,chr14,20632308,73,42
tRNA-Thr-TGT-4-1,HG03516,chr14,23390633,73,42
tRNA-Thr-TGT-4-1,HG03540,chr14,23284725,73,42
tRNA-Thr-TGT-4-1,HG03579,chr14,23453746,73,42
tRNA-Thr-TGT-4-1,NA18906,chr14,23291893,73,42
tRNA-Thr-TGT-4-1,NA20129,chr14,22775713,73,42
tRNA-Thr-TGT-4-1,NA21309,chr14,22443494,73,42
tRNA-Val-CAC-3-1,HG00438,chr19,4724635,73,42
tRNA-Val-CAC-3-1,HG00621,chr19,4589449,73,42
tRNA-Val-CAC-3-1,HG00673,chr19,4647919,73,42
tRNA-Val-CAC-3-1,HG00733,chr19,4352776,73,42
tRNA-Val-CAC-3-1,HG00735,chr19,4702903,73,42
tRNA-Val-CAC-3-1,HG00741,chr19,4710275,73,42
tRNA-Val-CAC-3-1,HG01071,chr19,4735591,73,42
tRNA-Val-CAC-3-1,HG01106,chr19,4466723,73,42
tRNA-Val-CAC-3-1,HG01109,chr19,6267314,73,42
tRNA-Val-CAC-3-1,HG01123,chr19,4481851,73,42
tRNA-Val-CAC-3-1,HG01175,chr19,4539147,73,42
tRNA-Val-CAC-3-1,HG01243,chr19,6894267,73,42
tRNA-Val-CAC-3-1,HG01258,chr19,4446928,73,42
tRNA-Val-CAC-3-1,HG01358,chr19,4367658,73,42
tRNA-Val-CAC-3-1,HG01361,chr19,4437517,73,42
tRNA-Val-CAC-3-1,HG01891,chr19,7945062,73,42
tRNA-Val-CAC-3-1,HG01928,chr19,4206772,73,42
tRNA-Val-CAC-3-1,HG01952,chr19,4353460,73,42
tRNA-Val-CAC-3-1,HG01978,chr19,4398507,73,42
tRNA-Val-CAC-3-1,HG02055,chr19,7935001,73,42
tRNA-Val-CAC-3-1,HG02080,chr19,4661956,73,42
tRNA-Val-CAC-3-1,HG02109,chr19,7687627,73,42
tRNA-Val-CAC-3-1,HG02145,chr19,7770977,73,42
tRNA-Val-CAC-3-1,HG02148,chr19,4086822,73,42
tRNA-Val-CAC-3-1,HG02257,chr19,7378644,73,42
tRNA-Val-CAC-3-1,HG02486,chr19,7576851,73,42
tRNA-Val-CAC-3-1,HG02559,chr19,7803086,73,42
tRNA-Val-CAC-3-1,HG02572,chr19,8174333,73,42
tRNA-Val-CAC-3-1,HG02622,chr19,8019022,73,42
tRNA-Val-CAC-3-1,HG02630,chr19,8044562,73,42
tRNA-Val-CAC-3-1,HG02717,chr19,8012901,73,42
tRNA-Val-CAC-3-1,HG02723,chr19,7954724,73,42
tRNA-Val-CAC-3-1,HG02818,chr19,7898207,73,42
tRNA-Val-CAC-3-1,HG02886,chr19,7935998,73,42
tRNA-Val-CAC-3-1,HG03098,chr19,8319251,73,42
tRNA-Val-CAC-3-1,HG03453,chr19,8224123,73,42
tRNA-Val-CAC-3-1,HG03486,chr19,8217960,73,42
tRNA-Val-CAC-3-1,HG03492,chr19,4688434,73,42
tRNA-Val-CAC-3-1,HG03516,chr19,8085857,73,42
tRNA-Val-CAC-3-1,HG03540,chr19,7913778,73,42
tRNA-Val-CAC-3-1,HG03579,chr19,8144461,73,42
tRNA-Val-CAC-3-1,NA18906,chr19,7996769,73,42
tRNA-Val-CAC-3-1,NA20129,chr19,7235932,73,42
tRNA-Val-CAC-3-1,NA21309,chr19,6987199,73,42
tRNA-iMet-CAT-2-1,HG00438,chr6,27777885,72,42
tRNA-iMet-CAT-2-1,HG00621,chr6,27722537,72,42
tRNA-iMet-CAT-2-1,HG00673,chr6,27705529,72,42
tRNA-iMet-CAT-2-1,HG00733,chr6,27605572,72,42
tRNA-iMet-CAT-2-1,HG00735,chr6,27793463,72,42
tRNA-iMet-CAT-2-1,HG00741,chr6,27729574,72,42
tRNA-iMet-CAT-2-1,HG01071,chr6,27806507,72,42
tRNA-iMet-CAT-2-1,HG01106,chr6,27657122,72,42
tRNA-iMet-CAT-2-1,HG01109,chr6,28420529,72,42
tRNA-iMet-CAT-2-1,HG01123,chr6,27639531,72,42
tRNA-iMet-CAT-2-1,HG01175,chr6,27761456,72,42
tRNA-iMet-CAT-2-1,HG01243,chr6,28728443,72,42
tRNA-iMet-CAT-2-1,HG01258,chr6,27658229,72,42
tRNA-iMet-CAT-2-1,HG01358,chr6,27689315,72,42
tRNA-iMet-CAT-2-1,HG01361,chr6,27603804,72,42
tRNA-iMet-CAT-2-1,HG01891,chr6,29123746,72,42
tRNA-iMet-CAT-2-1,HG01928,chr6,27540103,72,42
tRNA-iMet-CAT-2-1,HG01952,chr6,27659311,72,42
tRNA-iMet-CAT-2-1,HG01978,chr6,27683608,72,42
tRNA-iMet-CAT-2-1,HG02055,chr6,29134768,72,42
tRNA-iMet-CAT-2-1,HG02080,chr6,27691463,72,42
tRNA-iMet-CAT-2-1,HG02109,chr6,28936756,72,42
tRNA-iMet-CAT-2-1,HG02145,chr6,29077710,72,42
tRNA-iMet-CAT-2-1,HG02148,chr6,27519178,72,42
tRNA-iMet-CAT-2-1,HG02257,chr6,28894053,72,42
tRNA-iMet-CAT-2-1,HG02486,chr6,28989848,72,42
tRNA-iMet-CAT-2-1,HG02559,chr6,29046936,72,42
tRNA-iMet-CAT-2-1,HG02572,chr6,29148219,72,42
tRNA-iMet-CAT-2-1,HG02622,chr6,29094338,72,42
tRNA-iMet-CAT-2-1,HG02630,chr6,29136860,72,42
tRNA-iMet-CAT-2-1,HG02717,chr6,29076682,72,42
tRNA-iMet-CAT-2-1,HG02723,chr6,29023503,72,42
tRNA-iMet-CAT-2-1,HG02818,chr6,29099261,72,42
tRNA-iMet-CAT-2-1,HG02886,chr6,29075311,72,42
tRNA-iMet-CAT-2-1,HG03098,chr6,29213963,72,42
tRNA-iMet-CAT-2-1,HG03453,chr6,29148769,72,42
tRNA-iMet-CAT-2-1,HG03486,chr6,29212468,72,42
tRNA-iMet-CAT-2-1,HG03492,chr6,27712975,72,42
tRNA-iMet-CAT-2-1,HG03516,chr6,29123874,72,42
tRNA-iMet-CAT-2-1,HG03540,chr6,29090200,72,42
tRNA-iMet-CAT-2-1,HG03579,chr6,29182404,72,42
tRNA-iMet-CAT-2-1,NA18906,chr6,29124991,72,42
tRNA-iMet-CAT-2-1,NA20129,chr6,28887136,72,42
tRNA-iMet-CAT-2-1,NA21309,chr6,28742475,72,42
