Gene,Chromosome,Position,Mapped Chromosome,Mapped Position,Length
BLACE,chr7,155367809-155367933,chr1,34246237,124
BLACE,chr7,155367809-155367933,chr10,100403328,121
BLACE,chr7,155367809-155367933,chr11,76641106,119
BLACE,chr7,155367809-155367933,chr12,98899542,123
BLACE,chr7,155367809-155367933,chr13,46452310,121
BLACE,chr7,155367809-155367933,chr14,66529225,123
BLACE,chr7,155367809-155367933,chr15,91751148,119
BLACE,chr7,155367809-155367933,chr16,5444152,123
BLACE,chr7,155367809-155367933,chr17,34021640,122
BLACE,chr7,155367809-155367933,chr18,13474122,120
BLACE,chr7,155367809-155367933,chr19,22846119,120
BLACE,chr7,155367809-155367933,chr2,230124893,124
BLACE,chr7,155367809-155367933,chr20,49102948,122
BLACE,chr7,155367809-155367933,chr22,41883530,123
BLACE,chr7,155367809-155367933,chr3,109484133,122
BLACE,chr7,155367809-155367933,chr4,86253850,120
BLACE,chr7,155367809-155367933,chr5,44688516,121
BLACE,chr7,155367809-155367933,chr6,129640543,123
BLACE,chr7,155367809-155367933,chr7,160791435,125
BLACE,chr7,155367809-155367933,chr8,31930484,123
BLACE,chr7,155367809-155367933,chr9,95861852,121
FAM30A,chr14,105917979-105918817,chr14,108971503,839
LINC00459,chr13,62328756-62328835,chr13,63802062,80
LINC01671,chr21,42614853-42616297,chr21,43967823,1445
MIR3689A,chr9,134849487-134849564,chr9,139276734,78
MIR4538,chr14,105858165-105858242,chr14,108899503,78
RCCD1-AS1,chr15,90954335-90954493,chr15,93472812,159
RNU5D-1,chr1,44731069-44731168,chr1,46347413,100
RNU5E-1,chr1,11908154-11908272,chr1,12397036,119
RNU5F-1,chr1,44721786-44721901,chr1,46337716,116
RNU6-9,chr15,67839939-67840045,chr1,188277926,104
RNU6-9,chr15,67839939-67840045,chr10,16880655,95
RNU6-9,chr15,67839939-67840045,chr11,91586147,104
RNU6-9,chr15,67839939-67840045,chr14,32772101,106
RNU6-9,chr15,67839939-67840045,chr15,69591695,107
RNU6-9,chr15,67839939-67840045,chr16,59721855,103
RNU6-9,chr15,67839939-67840045,chr17,49819073,97
RNU6-9,chr15,67839939-67840045,chr18,49598812,103
RNU6-9,chr15,67839939-67840045,chr19,40327966,101
RNU6-9,chr15,67839939-67840045,chr2,180367998,107
RNU6-9,chr15,67839939-67840045,chr20,58701615,98
RNU6-9,chr15,67839939-67840045,chr22,32287895,101
RNU6-9,chr15,67839939-67840045,chr3,203123949,106
RNU6-9,chr15,67839939-67840045,chr4,91930494,106
RNU6-9,chr15,67839939-67840045,chr6,43658565,103
RNU6-9,chr15,67839939-67840045,chr7,128121108,106
RNU6-9,chr15,67839939-67840045,chr9,16472955,103
SNAR-A1,chr19,47923779-47923899,chr19,49878006,120
SNAR-B2,chr19,50133745-50133864,chr19,52161107,120
SNAR-C3,chr19,47950296-47950414,chr19,49884271,119
SNAR-C4,chr19,47939541-47939660,chr19,49884271,120
SNAR-F,chr19,50604963-50605085,chr19,52654974,123
SNAR-G1,chr19,49037020-49037147,chr19,51014166,128
SNAR-G2,chr19,49031669-49031787,chr19,51008329,119
SNORD118,chr17,8173452-8173588,chr17,8532653,137
SNORD13,chr8,33513475-33513578,chr8,35303984,104
SYT15-AS1,chr10,46597834-46598803,chr10,48370973,970
TRA-AGC1-1,chr6,28795964-28796035,chr6,29830643,72
TRA-AGC11-1,chr6,26571864-26571936,chr6,27534338,73
TRA-AGC15-1,chr14,88979098-88979170,chr14,91378173,73
TRA-AGC15-1,chr14,88979098-88979170,chr2,28011806,69
TRA-AGC15-1,chr14,88979098-88979170,chr6,27648171,70
TRA-AGC15-1,chr14,88979098-88979170,chr8,68870527,69
TRA-AGC20-1,chr1,150045406-150045476,chr1,154322106,71
TRA-AGC4-1,chr6,28658237-28658308,chr12,128911718,68
TRA-AGC4-1,chr6,28658237-28658308,chr6,29686833,72
TRA-AGC5-1,chr6,28710589-28710660,chr2,161663683,65
TRA-AGC5-1,chr6,28710589-28710660,chr6,29740803,72
TRA-CGC2-1,chr6,28673836-28673907,chr12,128911718,71
TRA-CGC2-1,chr6,28673836-28673907,chr6,29702766,72
TRA-CGC4-1,chr6,28729315-28729386,chr2,161663683,66
TRA-CGC4-1,chr6,28729315-28729386,chr6,29761101,72
TRA-CGC5-1-001,chr6,28695932-28696003,chr12,128911718,61
TRA-CGC5-1-001,chr6,28695932-28696003,chr6,29725527,72
TRA-TGC4-1,chr12,124939966-124940037,chr12,128930785,72
TRA-TGC4-1,chr12,124939966-124940037,chr2,161663683,68
TRA-TGC4-1,chr12,124939966-124940037,chr5,187219957,70
TRA-TGC4-1,chr12,124939966-124940037,chr6,29671673,69
TRC-GCA11-1,chr7,149415138-149415209,chr1,96581402,68
TRC-GCA11-1,chr7,149415138-149415209,chr17,40491101,70
TRC-GCA11-1,chr7,149415138-149415209,chr3,18371423,66
TRC-GCA11-1,chr7,149415138-149415209,chr4,127867503,70
TRC-GCA11-1,chr7,149415138-149415209,chr7,154589089,72
TRC-GCA4-1,chr17,38869292-38869363,chr1,96581402,71
TRC-GCA4-1,chr17,38869292-38869363,chr17,40194919,72
TRC-GCA4-1,chr17,38869292-38869363,chr3,136460311,70
TRC-GCA4-1,chr17,38869292-38869363,chr4,127867503,71
TRC-GCA4-1,chr17,38869292-38869363,chr7,154548324,69
TRD-GTC2-8,chr1,161440825-161440896,chr1,166101900,72
TRD-GTC2-8,chr1,161440825-161440896,chr12,128930424,72
TRD-GTC2-8,chr1,161440825-161440896,chr17,8583166,72
TRD-GTC2-8,chr1,161440825-161440896,chr5,147092555,66
TRD-GTC2-8,chr1,161440825-161440896,chr6,28581959,70
TRD-GTC2-8,chr1,161440825-161440896,chr9,77336954,69
TRE-TTC2-1,chr13,44917927-44917998,chr13,45866769,72
TRE-TTC2-1,chr13,44917927-44917998,chr15,26434519,72
TRE-TTC2-1,chr13,44917927-44917998,chr2,134788063,69
TRE-TTC3-1,chr1,16872583-16872654,chr1,17600180,72
TRE-TTC3-1,chr1,16872583-16872654,chr6,30024219,69
TRE-TTC5-1,chr1,161612718-161612789,chr1,166254470,72
TRF-GAA1-4,chr12,124927843-124927915,chr11,61600339,73
TRF-GAA1-4,chr12,124927843-124927915,chr12,128918139,73
TRF-GAA1-4,chr12,124927843-124927915,chr13,97083822,73
TRF-GAA1-4,chr12,124927843-124927915,chr18,64341050,72
TRF-GAA1-4,chr12,124927843-124927915,chr19,1487056,73
TRF-GAA1-4,chr12,124927843-124927915,chr6,30023640,73
TRF-GAA2-1,chr11,59566380-59566452,chr11,61609519,73
TRF-GAA2-1,chr11,59566380-59566452,chr12,128918139,72
TRF-GAA2-1,chr11,59566380-59566452,chr13,97083822,72
TRF-GAA2-1,chr11,59566380-59566452,chr18,64341050,71
TRF-GAA2-1,chr11,59566380-59566452,chr19,1487056,72
TRF-GAA2-1,chr11,59566380-59566452,chr6,30023640,72
TRG-CCC2-1,chr16,636736-636806,chr16,674177,71
TRG-CCC2-1,chr16,636736-636806,chr2,72691599,71
TRG-CCC5-1,chr1,16727285-16727355,chr1,17587632,69
TRG-CCC5-1,chr1,16727285-16727355,chr16,73077940,65
TRG-CCC5-1,chr1,16727285-16727355,chr17,8483155,65
TRG-CCC6-1,chr1,121016845-121016915,chr1,124942252,71
TRG-CCC6-1,chr1,121016845-121016915,chr16,73067236,65
TRG-CCC6-1,chr1,121016845-121016915,chr2,161664089,65
TRG-CCC6-1,chr1,121016845-121016915,chr21,17882507,69
TRG-CCC6-1,chr1,121016845-121016915,chr6,28910790,65
TRG-TCC1-1,chr19,4724070-4724141,chr1,150125844,71
TRG-TCC1-1,chr19,4724070-4724141,chr17,8582438,71
TRG-TCC1-1,chr19,4724070-4724141,chr19,4997331,72
TRG1,chr1,16545939-16546009,chr1,17228457,71
TRG1,chr1,16545939-16546009,chr16,73067232,68
TRG1,chr1,16545939-16546009,chr2,161664085,68
TRG1,chr1,16545939-16546009,chr21,17882501,67
TRG1,chr1,16545939-16546009,chr6,28910785,68
TRI-AAT4-1,chr17,8226991-8227064,chr17,8588059,74
TRI-AAT4-1,chr17,8226991-8227064,chr6,28225237,73
TRI-AAT5-1,chr6,26554122-26554195,chr14,105185702,74
TRI-AAT5-1,chr6,26554122-26554195,chr17,8547389,74
TRI-AAT5-1,chr6,26554122-26554195,chr6,27516129,74
TRK-CTT3-1,chr16,3157405-3157477,chr1,56855381,66
TRK-CTT3-1,chr16,3157405-3157477,chr14,59678727,70
TRK-CTT3-1,chr16,3157405-3157477,chr16,3313894,73
TRK-CTT3-1,chr16,3157405-3157477,chr18,47452001,64
TRK-CTT3-1,chr16,3157405-3157477,chr19,54029993,67
TRK-CTT3-1,chr16,3157405-3157477,chr5,187236045,73
TRK-CTT3-1,chr16,3157405-3157477,chr7,100660905,68
TRK-TTT3-2,chr1,204506527-204506599,chr1,210487863,73
TRK-TTT3-2,chr1,204506527-204506599,chr11,61599227,73
TRK-TTT3-2,chr1,204506527-204506599,chr12,28646175,64
TRK-TTT3-2,chr1,204506527-204506599,chr17,8476287,73
TRK-TTT3-2,chr1,204506527-204506599,chr6,29991913,73
TRK-TTT4-1,chr6,27591814-27591886,chr1,210488393,71
TRK-TTT4-1,chr6,27591814-27591886,chr11,61603283,71
TRK-TTT4-1,chr6,27591814-27591886,chr14,75486060,68
TRK-TTT4-1,chr6,27591814-27591886,chr16,75839694,71
TRK-TTT4-1,chr6,27591814-27591886,chr6,28590602,73
TRK-TTT7-1,chr6,28747744-28747816,chr1,210487863,67
TRK-TTT7-1,chr6,28747744-28747816,chr11,126656296,70
TRK-TTT7-1,chr6,28747744-28747816,chr17,8476287,67
TRK-TTT7-1,chr6,28747744-28747816,chr6,29780264,73
TRL-AAG2-4,chr5,181187701-181187782,chr14,20795401,82
TRL-AAG2-4,chr5,181187701-181187782,chr16,23287440,82
TRL-AAG2-4,chr5,181187701-181187782,chr5,187199925,82
TRL-AAG2-4,chr5,181187701-181187782,chr6,30031250,81
TRL-TAA4-1,chr6,27230555-27230637,chr6,28217932,83
TRL-TAG2-1,chr14,20625370-20625451,chr14,20811407,82
TRL-TAG2-1,chr14,20625370-20625451,chr16,23287440,79
TRL-TAG2-1,chr14,20625370-20625451,chr5,187199925,79
TRL-TAG2-1,chr14,20625370-20625451,chr6,30031250,78
TRM-CAT2-1,chr16,71426493-71426565,chr16,73730156,73
TRM-CAT2-1,chr16,71426493-71426565,chr6,27712092,72
TRM-CAT3-2,chr6,28944575-28944647,chr16,73730156,70
TRM-CAT3-2,chr6,28944575-28944647,chr6,29985198,73
TRN-GTT2-4,chr1,144567515-144567588,chr1,166053871,74
TRN-GTT2-4,chr1,144567515-144567588,chr10,23127619,74
TRN-GTT2-4,chr1,144567515-144567588,chr13,31169924,74
TRN-GTT2-4,chr1,144567515-144567588,chr17,40073448,74
TRP-AGG1-1,chr16,3191989-3192060,chr1,172556493,70
TRP-AGG1-1,chr16,3191989-3192060,chr11,78807466,71
TRP-AGG1-1,chr16,3191989-3192060,chr14,20872608,70
TRP-AGG1-1,chr16,3191989-3192060,chr16,3347653,71
TRP-AGG1-1,chr16,3191989-3192060,chr6,27517305,71
TRP-AGG1-1,chr16,3191989-3192060,chr7,133269369,71
TRP-TGG2-1,chr11,76235825-76235896,chr1,172557280,69
TRP-TGG2-1,chr11,76235825-76235896,chr11,78807798,72
TRP-TGG2-1,chr11,76235825-76235896,chr14,20798788,69
TRP-TGG2-1,chr11,76235825-76235896,chr16,3341859,70
TRP-TGG2-1,chr11,76235825-76235896,chr17,8583788,69
TRP-TGG2-1,chr11,76235825-76235896,chr5,187201187,70
TRQ-CTG6-1,chr6,27791356-27791427,chr1,152456129,66
TRQ-CTG6-1,chr6,27791356-27791427,chr15,67560026,69
TRQ-CTG6-1,chr6,27791356-27791427,chr6,28796073,72
TRQ-TTG2-1,chr6,28589379-28589450,chr17,50843158,70
TRQ-TTG2-1,chr6,28589379-28589450,chr6,29616165,72
TRR-ACG2-3,chr3,45688999-45689071,chr3,47261747,73
TRR-ACG2-3,chr3,45688999-45689071,chr6,28671573,73
TRR-ACG2-3,chr3,45688999-45689071,chr9,85376721,71
TRR-TCG1-1,chr15,89335073-89335145,chr15,91790905,73
TRR-TCG1-1,chr15,89335073-89335145,chr16,3306757,69
TRR-TCG1-1,chr15,89335073-89335145,chr17,77506182,70
TRR-TCG1-1,chr15,89335073-89335145,chr6,29919863,69
TRR-TCG1-1,chr15,89335073-89335145,chr9,113805373,70
TRR-TCG3-1,chr17,75035113-75035185,chr15,91790905,70
TRR-TCG3-1,chr17,75035113-75035185,chr16,3306757,68
TRR-TCG3-1,chr17,75035113-75035185,chr17,77506182,73
TRR-TCG3-1,chr17,75035113-75035185,chr6,29919863,68
TRR-TCG3-1,chr17,75035113-75035185,chr9,113805373,66
TRS-AGA2-6,chr6,26327589-26327670,chr17,8587647,81
TRS-AGA2-6,chr6,26327589-26327670,chr6,27267284,82
TRS-AGA2-6,chr6,26327589-26327670,chr8,98929441,81
TRT-AGT1-2,chr17,8187160-8187233,chr17,8546932,74
TRT-AGT1-2,chr17,8187160-8187233,chr19,34515710,74
TRT-AGT1-2,chr17,8187160-8187233,chr6,28147355,68
TRT-TGT2-1,chr1,222465005-222465077,chr1,229011503,73
TRT-TGT2-1,chr1,222465005-222465077,chr14,20870178,67
TRT-TGT5-1,chr14,20681690-20681762,chr1,229011503,67
TRT-TGT5-1,chr14,20681690-20681762,chr14,20870178,73
TRV-AAC5-1,chr6,27235509-27235581,chr1,149216901,69
TRV-AAC5-1,chr6,27235509-27235581,chr3,175157694,71
TRV-AAC5-1,chr6,27235509-27235581,chr5,187180941,71
TRV-AAC5-1,chr6,27235509-27235581,chr6,28223102,73
TRV-CAC1-5,chr1,143803994-143804066,chr1,147803027,73
TRV-CAC1-5,chr1,143803994-143804066,chr19,4997955,69
TRV-CAC1-5,chr1,143803994-143804066,chr5,187236520,72
TRV-CAC1-5,chr1,143803994-143804066,chr6,28269242,67
TRV-TAC1-1,chr11,59550629-59550701,chr10,6124613,71
TRV-TAC1-1,chr11,59550629-59550701,chr11,61593132,73
TRV,chr5,181188416-181188488,chr1,166024202,71
TRV,chr5,181188416-181188488,chr19,4997955,69
TRV,chr5,181188416-181188488,chr5,187200701,73
TRV,chr5,181188416-181188488,chr6,28756978,72
TRX-CAT1-5,chr1,153671250-153671321,chr1,158067588,72
TRX-CAT1-5,chr1,153671250-153671321,chr6,27240397,72
Val-tRNA,chr1,145157157-145157229,chr1,149216901,73
Val-tRNA,chr1,145157157-145157229,chr3,175157694,69
Val-tRNA,chr1,145157157-145157229,chr5,187185142,71
Val-tRNA,chr1,145157157-145157229,chr6,27499767,71
lnc-SLCO4A1-8,chr20,62550452-62551038,chr20,64690621,587
tRNA-Ala-CGC-1-1,chr6,26553503-26553574,chr12,128930785,68
tRNA-Ala-CGC-1-1,chr6,26553503-26553574,chr5,187219957,70
tRNA-Ala-CGC-1-1,chr6,26553503-26553574,chr6,27515478,72
tRNA-Ala-CGC-3-1,chr2,156400769-156400840,chr12,128930785,68
tRNA-Ala-CGC-3-1,chr2,156400769-156400840,chr2,161663683,72
tRNA-Ala-CGC-3-1,chr2,156400769-156400840,chr5,187219957,68
tRNA-Ala-CGC-3-1,chr2,156400769-156400840,chr6,27515478,70
tRNA-Ala-TGC-2-1,chr6,28643445-28643516,chr12,128930785,69
tRNA-Ala-TGC-2-1,chr6,28643445-28643516,chr5,187219957,71
tRNA-Ala-TGC-2-1,chr6,28643445-28643516,chr6,29671673,72
tRNA-Ala-TGC-3-1,chr5,181206868-181206939,chr12,128930785,70
tRNA-Ala-TGC-3-1,chr5,181206868-181206939,chr5,187219957,72
tRNA-Ala-TGC-3-1,chr5,181206868-181206939,chr6,29671673,71
tRNA-Arg-ACG-1-2,chr6,26328140-26328212,chr14,23206757,73
tRNA-Arg-ACG-1-2,chr6,26328140-26328212,chr4,144044147,73
tRNA-Arg-ACG-1-2,chr6,26328140-26328212,chr5,108871637,73
tRNA-Arg-ACG-1-2,chr6,26328140-26328212,chr6,27499167,73
tRNA-Arg-CCT-2-1,chr17,75034431-75034503,chr17,77505473,73
tRNA-Arg-CCT-3-1,chr16,3152900-3152972,chr16,3309145,73
tRNA-Arg-CCT-3-1,chr16,3152900-3152972,chr17,77504924,70
tRNA-Arg-CCT-3-1,chr16,3152900-3152972,chr7,144158813,68
tRNA-Arg-TCG-4-1,chr6,26299677-26299749,chr16,3306757,66
tRNA-Arg-TCG-4-1,chr6,26299677-26299749,chr17,77506182,71
tRNA-Arg-TCG-4-1,chr6,26299677-26299749,chr6,27253955,73
tRNA-Asn-GTT-1-1,chr1,161540241-161540314,chr1,152734459,73
tRNA-Asn-GTT-1-1,chr1,161540241-161540314,chr19,1487277,73
tRNA-Asn-GTT-3-2,chr1,144419267-144419340,chr1,149351658,73
tRNA-Asn-GTT-3-2,chr1,144419267-144419340,chr19,1487277,73
tRNA-Asn-GTT-4-1,chr1,16889677-16889750,chr1,17618229,74
tRNA-Asn-GTT-4-1,chr1,16889677-16889750,chr19,1487277,73
tRNA-Asp-GTC-1-1,chr12,98503503-98503574,chr12,101648021,72
tRNA-Asp-GTC-1-1,chr12,98503503-98503574,chr6,28474967,70
tRNA-Gln-CTG-2-1,chr6,27547752-27547823,chr1,152456129,70
tRNA-Gln-CTG-2-1,chr6,27547752-27547823,chr15,67560026,71
tRNA-Gln-CTG-2-1,chr6,27547752-27547823,chr6,28545316,72
tRNA-Gln-TTG-3-1,chr6,26311196-26311267,chr15,67560026,70
tRNA-Gln-TTG-3-1,chr6,26311196-26311267,chr6,28800677,72
tRNA-Glu-CTC-1-2,chr1,146035692-146035763,chr1,256407281,72
tRNA-Glu-CTC-1-2,chr1,146035692-146035763,chr2,212022658,66
tRNA-Glu-CTC-1-2,chr1,146035692-146035763,chr6,30024219,72
tRNA-Glu-TTC-4-1,chr1,16535279-16535350,chr1,166047558,72
tRNA-Glu-TTC-4-1,chr1,16535279-16535350,chr13,42304307,65
tRNA-Glu-TTC-4-1,chr1,16535279-16535350,chr6,130043320,70
tRNA-Gly-CCC-4-1,chr1,16678271-16678341,chr1,17389239,71
tRNA-Gly-GCC-2-4,chr1,161523847-161523917,chr1,166246240,70
tRNA-Gly-GCC-2-4,chr1,161523847-161523917,chr16,73067232,71
tRNA-Gly-GCC-2-4,chr1,161523847-161523917,chr2,161664085,71
tRNA-Gly-GCC-2-4,chr1,161523847-161523917,chr21,17882501,69
tRNA-Gly-GCC-2-4,chr1,161523847-161523917,chr6,28910785,71
tRNA-Gly-TCC-3-1,chr17,8221548-8221619,chr1,150125844,72
tRNA-Gly-TCC-3-1,chr17,8221548-8221619,chr17,8582438,72
tRNA-Gly-TCC-3-1,chr17,8221548-8221619,chr19,4997331,71
tRNA-Ile-AAT-1-1,chr6,57822973-57823046,chr14,105185702,73
tRNA-Ile-AAT-1-1,chr6,57822973-57823046,chr17,8547389,73
tRNA-Ile-AAT-1-1,chr6,57822973-57823046,chr6,59971737,74
tRNA-Ile-AAT-12-1,chr6,57800211-57800284,chr14,105185702,69
tRNA-Ile-AAT-12-1,chr6,57800211-57800284,chr17,8547389,69
tRNA-Ile-AAT-12-1,chr6,57800211-57800284,chr6,59948253,74
tRNA-Ile-AAT-2-1,chr6,27688188-27688261,chr14,105185702,73
tRNA-Ile-AAT-2-1,chr6,27688188-27688261,chr17,8547389,73
tRNA-Ile-AAT-2-1,chr6,27688188-27688261,chr6,27516129,73
tRNA-Leu-CAG-2-2,chr16,57299951-57300033,chr1,166102633,82
tRNA-Leu-CAG-2-2,chr16,57299951-57300033,chr16,59171983,83
tRNA-Leu-CAG-2-2,chr16,57299951-57300033,chr6,27482406,82
tRNA-Leu-TAG-3-1,chr16,22195711-22195792,chr16,23185636,82
tRNA-Leu-TAG-3-1,chr16,22195711-22195792,chr17,8477558,81
tRNA-Leu-TAG-3-1,chr16,22195711-22195792,chr5,187185564,80
tRNA-Leu-TAG-3-1,chr16,22195711-22195792,chr6,29984209,80
tRNA-Lys-CTT-1-2,chr14,58239895-58239967,chr1,56855381,65
tRNA-Lys-CTT-1-2,chr14,58239895-58239967,chr14,59678727,73
tRNA-Lys-CTT-1-2,chr14,58239895-58239967,chr16,3313894,71
tRNA-Lys-CTT-1-2,chr14,58239895-58239967,chr18,47452001,67
tRNA-Lys-CTT-1-2,chr14,58239895-58239967,chr19,54029993,66
tRNA-Lys-CTT-1-2,chr14,58239895-58239967,chr5,187236045,71
tRNA-Lys-CTT-2-1,chr1,146039401-146039473,chr1,150128278,73
tRNA-Lys-CTT-2-1,chr1,146039401-146039473,chr15,80944815,71
tRNA-Lys-CTT-2-1,chr1,146039401-146039473,chr16,3333079,73
tRNA-Lys-CTT-2-1,chr1,146039401-146039473,chr5,187220918,73
tRNA-Lys-CTT-2-1,chr1,146039401-146039473,chr6,27518617,73
tRNA-Lys-CTT-5-1,chr16,3180554-3180626,chr1,56855381,65
tRNA-Lys-CTT-5-1,chr16,3180554-3180626,chr16,3338139,73
tRNA-Lys-CTT-5-1,chr16,3180554-3180626,chr19,54029993,66
tRNA-Lys-CTT-5-1,chr16,3180554-3180626,chr5,187236045,71
tRNA-Lys-TTT-1-1,chr16,73478317-73478389,chr1,210488393,69
tRNA-Lys-TTT-1-1,chr16,73478317-73478389,chr11,61603283,69
tRNA-Lys-TTT-1-1,chr16,73478317-73478389,chr14,75486060,70
tRNA-Lys-TTT-1-1,chr16,73478317-73478389,chr16,75839694,73
tRNA-Lys-TTT-1-1,chr16,73478317-73478389,chr6,28590602,71
tRNA-Lys-TTT-5-1,chr11,59556429-59556501,chr1,210487863,72
tRNA-Lys-TTT-5-1,chr11,59556429-59556501,chr11,61599227,73
tRNA-Lys-TTT-5-1,chr11,59556429-59556501,chr12,28646175,65
tRNA-Lys-TTT-5-1,chr11,59556429-59556501,chr17,8476287,72
tRNA-Lys-TTT-5-1,chr11,59556429-59556501,chr6,29991913,72
tRNA-Lys-TTT-6-1,chr6,27334990-27335062,chr1,210488393,68
tRNA-Lys-TTT-6-1,chr6,27334990-27335062,chr11,61603283,68
tRNA-Lys-TTT-6-1,chr6,27334990-27335062,chr16,75839694,69
tRNA-Lys-TTT-6-1,chr6,27334990-27335062,chr6,28325876,73
tRNA-Met-CAT-6-1,chr16,87384022-87384094,chr16,90435487,73
tRNA-Met-CAT-6-1,chr16,87384022-87384094,chr6,29994201,67
tRNA-Met-CAT-6-1,chr16,87384022-87384094,chr8,127667655,71
tRNA-Pro-AGG-2-4,chr11,76235513-76235584,chr1,172556493,71
tRNA-Pro-AGG-2-4,chr11,76235513-76235584,chr11,78807466,72
tRNA-Pro-AGG-2-4,chr11,76235513-76235584,chr14,20872608,71
tRNA-Pro-AGG-2-4,chr11,76235513-76235584,chr16,3347653,72
tRNA-Pro-AGG-2-4,chr11,76235513-76235584,chr6,27517305,72
tRNA-Pro-AGG-2-4,chr11,76235513-76235584,chr7,133269369,72
tRNA-Pro-TGG-1-1,chr14,20633006-20633077,chr1,172556493,70
tRNA-Pro-TGG-1-1,chr14,20633006-20633077,chr11,78807466,70
tRNA-Pro-TGG-1-1,chr14,20633006-20633077,chr14,20819465,72
tRNA-Pro-TGG-1-1,chr14,20633006-20633077,chr16,3346029,71
tRNA-Pro-TGG-1-1,chr14,20633006-20633077,chr6,27517305,70
tRNA-Pro-TGG-1-1,chr14,20633006-20633077,chr7,133269369,70
tRNA-Pro-TGG-3-3,chr5,181188854-181188925,chr1,172557280,71
tRNA-Pro-TGG-3-3,chr5,181188854-181188925,chr11,78807798,70
tRNA-Pro-TGG-3-3,chr5,181188854-181188925,chr14,20794571,71
tRNA-Pro-TGG-3-3,chr5,181188854-181188925,chr16,3341859,72
tRNA-Pro-TGG-3-3,chr5,181188854-181188925,chr17,8583788,71
tRNA-Pro-TGG-3-3,chr5,181188854-181188925,chr5,187201187,72
tRNA-Ser-CGA-2-1,chr6,27209849-27209930,chr10,70288793,73
tRNA-Ser-CGA-2-1,chr6,27209849-27209930,chr6,28196365,82
tRNA-Ser-GCT-2-1,chr6,27297996-27298077,chr11,68597066,78
tRNA-Ser-GCT-2-1,chr6,27297996-27298077,chr17,8546626,79
tRNA-Ser-GCT-2-1,chr6,27297996-27298077,chr6,28287623,82
tRNA-Ser-TGA-2-1,chr6,27545689-27545770,chr6,28543146,82
tRNA-Ser,chr6,27505828-27505909,chr17,8587647,78
tRNA-Ser,chr6,27505828-27505909,chr6,28502223,82
tRNA-Ser,chr6,27505828-27505909,chr8,98929441,78
tRNA-Thr-CGT-5-1,chr6,27618356-27618429,chr6,28618022,74
tRNA-Thr-CGT-6-1,chr6,27303789-27303860,chr6,28293591,72
tRNA-Thr-TGT-1-1,chr6,28474552-28474625,chr17,8587260,69
tRNA-Thr-TGT-1-1,chr6,28474552-28474625,chr6,29498505,74
tRNA-Thr-TGT-4-1,chr14,20631160-20631232,chr14,20817497,73
tRNA-Thr-TGT-4-1,chr14,20631160-20631232,chr5,187204130,73
tRNA-Val-AAC-3-1,chr6,27650928-27651000,chr1,153977773,68
tRNA-Val-AAC-3-1,chr6,27650928-27651000,chr5,187232180,70
tRNA-Val-AAC-3-1,chr6,27650928-27651000,chr6,28651350,73
tRNA-Val-CAC-1-3,chr1,121020729-121020801,chr1,166024202,73
tRNA-Val-CAC-1-3,chr1,121020729-121020801,chr19,4997955,71
tRNA-Val-CAC-1-3,chr1,121020729-121020801,chr5,187236520,73
tRNA-Val-CAC-1-3,chr1,121020729-121020801,chr6,28269242,68
tRNA-Val-CAC-2-1,chr6,27280270-27280342,chr1,124946250,68
tRNA-Val-CAC-2-1,chr6,27280270-27280342,chr19,4997955,66
tRNA-Val-CAC-2-1,chr6,27280270-27280342,chr5,187236520,68
tRNA-Val-CAC-2-1,chr6,27280270-27280342,chr6,28269242,73
tRNA-Val-CAC-3-1,chr19,4724635-4724707,chr1,153977773,71
tRNA-Val-CAC-3-1,chr19,4724635-4724707,chr19,4997955,73
tRNA-Val-CAC-3-1,chr19,4724635-4724707,chr5,187109257,71
tRNA-Val-CAC-3-1,chr19,4724635-4724707,chr6,28192496,68
tRNA-iMet-CAT-2-1,chr6,27777885-27777956,chr1,158067588,71
tRNA-iMet-CAT-2-1,chr6,27777885-27777956,chr6,28782185,72
