"Gene","Tissues","Difference","T_Statistic","P_Value"
"RNU5E-1","embryo vs blood",1,1.89736659610103,0.0943497728424376
"RNU5E-1","embryo vs epithelium",1,1.89736659610103,0.0943497728424376
"RNU5E-1","embryo vs brain",0.1,0.0958804158150889,0.924943090850964
"RNU5E-1","blood vs epithelium",0,NA,NA
"RNU5E-1","blood vs brain",-0.9,-1,0.343436396137914
"RNU5E-1","epithelium vs brain",-0.9,-1,0.343436396137914
"RNU5E-1","embryo vs others",0.7,1.15426439085156,0.268230701358188
"RNU5E-1","blood vs others",-0.620689655172414,-1.77915353451352,0.086073742131265
"RNU5E-1","epithelium vs others",-0.620689655172414,-1.77915353451352,0.086073742131265
"RNU5E-1","brain vs others",0.589655172413793,0.642497268130178,0.535400265451967
"RNU5D-1","embryo vs blood",41,2.89939668912717,0.023005718115334
"RNU5D-1","embryo vs epithelium",40.375,2.85241387023106,0.0245013378422127
"RNU5D-1","embryo vs brain",38,2.67201770495159,0.031247896850353
"RNU5D-1","blood vs epithelium",-0.625,-1,0.350616662820208
"RNU5D-1","blood vs brain",-3,-1.98431348329844,0.0876228290414024
"RNU5D-1","epithelium vs brain",-2.375,-1.45175399363955,0.179369935796244
"RNU5D-1","embryo vs others",39.7916666666667,2.81152878756103,0.0259961370024003
"RNU5D-1","blood vs others",-14.875,-2.49882101477443,0.020046179205731
"RNU5D-1","epithelium vs others",-14.0416666666667,-2.3386919819331,0.0282053676257116
"RNU5D-1","brain vs others",-10.875,-1.75018212428026,0.0920411252674242
"SNORD118","embryo vs blood",0,NA,NA
"SNORD118","embryo vs epithelium",0,NA,NA
"SNORD118","embryo vs brain",0,NA,NA
"SNORD118","blood vs epithelium",0,NA,NA
"SNORD118","blood vs brain",0,NA,NA
"SNORD118","epithelium vs brain",0,NA,NA
"SNORD118","embryo vs others",0,NA,NA
"SNORD118","blood vs others",0,NA,NA
"SNORD118","epithelium vs others",0,NA,NA
"SNORD118","brain vs others",0,NA,NA
"SNAR-B2","embryo vs blood",2.55,0.885686752115768,0.399994677379862
"SNAR-B2","embryo vs epithelium",16.5,2.26472188814463,0.0351295461910743
"SNAR-B2","embryo vs brain",28.6875,2.89489574583059,0.0101276611349586
"SNAR-B2","blood vs epithelium",13.95,1.99550141808745,0.0618918989492588
"SNAR-B2","blood vs brain",26.1375,2.69600398291838,0.0161205245344331
"SNAR-B2","epithelium vs brain",12.1875,1.03453920712176,0.309901163968096
"SNAR-B2","embryo vs others",14.9150943396226,3.22517781540023,0.00261356740296089
"SNAR-B2","blood vs others",16.4115384615385,3.0905603255252,0.00347344896811369
"SNAR-B2","epithelium vs others",-4.35714285714286,-0.543238804909087,0.591170005120447
"SNAR-B2","brain vs others",-20.9781976744186,-2.08991876786926,0.0511285575467284
"TRG-CCC5-1","embryo vs blood",39,3.68993680394018,0.00613476840972014
"TRG-CCC5-1","embryo vs epithelium",52.375,5.04986855453549,0.00122968139863327
"TRG-CCC5-1","embryo vs brain",29.875,2.78027833311084,0.0225951271434181
"TRG-CCC5-1","blood vs epithelium",13.375,4.07299877014189,0.00149479551962941
"TRG-CCC5-1","blood vs brain",-9.125,-2.11148011427462,0.0539613565390561
"TRG-CCC5-1","epithelium vs brain",-22.5,-5.90152605925025,0.000110279394350678
"TRG-CCC5-1","embryo vs others",40.4166666666667,3.85022739807768,0.00509973613006617
"TRG-CCC5-1","blood vs others",-11.5833333333333,-1.84253358224997,0.0754102826936572
"TRG-CCC5-1","epithelium vs others",-29.4166666666667,-5.57380456634013,5.8199947233918e-06
"TRG-CCC5-1","brain vs others",0.583333333333336,0.0875950510560597,0.930781867904748
"SNAR-C4","embryo vs blood",-10.5,-1.05061057602285,0.320288618297172
"SNAR-C4","embryo vs epithelium",12.5,1.08547964504533,0.29446712854854
"SNAR-C4","embryo vs brain",35.4,2.66482272275079,0.014086509355348
"SNAR-C4","blood vs epithelium",23,3.9005763002342,0.000877459268451206
"SNAR-C4","blood vs brain",45.9,5.17632403025677,4.95813410701048e-05
"SNAR-C4","epithelium vs brain",22.9,2.17010180428356,0.0373212426823964
"SNAR-C4","embryo vs others",12.4666666666667,1.1531514090923,0.270396806541248
"SNAR-C4","blood vs others",29.66,5.82373920159145,3.47387378990848e-07
"SNAR-C4","epithelium vs others",-2.54000000000001,-0.331579032354644,0.741668467288955
"SNAR-C4","brain vs others",-34.6,-3.6718382130678,0.00116275860938048
"RNU5F-1","embryo vs blood",59.4,7.56457764194872,0.00163695480238885
"RNU5F-1","embryo vs epithelium",32.2333333333333,3.7431447902507,0.0108745822221598
"RNU5F-1","embryo vs brain",24.4,2.54673792623593,0.0363986174413052
"RNU5F-1","blood vs epithelium",-27.1666666666667,-7.68560179021288,0.000594563086492235
"RNU5F-1","blood vs brain",-35,-6.37594344918904,0.00140420453747246
"RNU5F-1","epithelium vs brain",-7.83333333333333,-1.19977625091563,0.262458066603677
"RNU5F-1","embryo vs others",38.6777777777778,4.34964975918033,0.00406115053304735
"RNU5F-1","blood vs others",-39.4117647058824,-8.7438011034403,1.71785952633306e-07
"RNU5F-1","epithelium vs others",-2.65686274509804,-0.35301657818112,0.727600752868862
"RNU5F-1","brain vs others",7.94117647058824,0.939645646312855,0.360044476024794
"TRK-TTT3-2","embryo vs blood",-1.5,-1.5,0.17729848698997
"TRK-TTT3-2","embryo vs epithelium",0,NA,NA
"TRK-TTT3-2","embryo vs brain",-1,-1,0.350616662820207
"TRK-TTT3-2","blood vs epithelium",1.5,1.5,0.17729848698997
"TRK-TTT3-2","blood vs brain",0.5,0.353553390593274,0.728941095165302
"TRK-TTT3-2","epithelium vs brain",-1,-1,0.350616662820207
"TRK-TTT3-2","embryo vs others",-0.833333333333333,-1.77745341973866,0.088721119972928
"TRK-TTT3-2","blood vs others",1.13636363636364,1.06794707214595,0.313587903836598
"TRK-TTT3-2","epithelium vs others",-0.909090909090909,-1.7851180448337,0.088695330499825
"TRK-TTT3-2","brain vs others",0.454545454545455,0.424603887804223,0.680957987243985
"TRE-TTC3-1","embryo vs blood",-92.0625,-38.8322424930061,1.81599245992741e-16
"TRE-TTC3-1","embryo vs epithelium",-71.5625,-18.157531804698,1.27373835808242e-11
"TRE-TTC3-1","embryo vs brain",-89.375,-21.9645042367631,8.08447578040439e-13
"TRE-TTC3-1","blood vs epithelium",20.5,4.45719101751189,0.000157165309650584
"TRE-TTC3-1","blood vs brain",2.6875,0.57067468692744,0.573496403895065
"TRE-TTC3-1","epithelium vs brain",-17.8125,-3.14439829235544,0.00373845326175528
"TRE-TTC3-1","embryo vs others",-84.3333333333333,-35.1009484831523,2.25737621723322e-35
"TRE-TTC3-1","blood vs others",32.1787790697674,5.04764458542191,5.6646160742756e-06
"TRE-TTC3-1","epithelium vs others",4.05087209302326,0.542212660477823,0.589788104192804
"TRE-TTC3-1","brain vs others",28.4912790697674,3.96752147298251,0.000208580790291037
"TRG1","embryo vs blood",-52.1,-8.75043420240427,3.30424645165329e-06
"TRG1","embryo vs epithelium",2.6,1.2451741707875,0.256204641862943
"TRG1","embryo vs brain",2.3,1.13358733360733,0.301117329482305
"TRG1","blood vs epithelium",54.7,9.50908966937867,3.50847872411444e-06
"TRG1","blood vs brain",54.4,9.49190205316984,3.95725891296166e-06
"TRG1","epithelium vs brain",-0.3,-0.226347954672536,0.823529783858136
"TRG1","embryo vs others",-15.7333333333333,-2.88871247579657,0.00678461166193056
"TRG1","blood vs others",54.06,9.48183720245397,4.62633187774064e-06
"TRG1","epithelium vs others",-22.52,-3.81564862639396,0.000778685888956831
"TRG1","brain vs others",-22.1,-3.74361244606616,0.000952052233008281
"TRA-CGC5-1-001","embryo vs blood",-9.5,-1.2863835042934,0.320140186424459
"TRA-CGC5-1-001","embryo vs epithelium",-6.5,-0.846188082949545,0.471073198477956
"TRA-CGC5-1-001","embryo vs brain",74,7.89041928692619,0.000685389454479374
"TRA-CGC5-1-001","blood vs epithelium",3,1.06139750949263,0.320993968987093
"TRA-CGC5-1-001","blood vs brain",83.5,13.7386658737658,1.81992759855871e-05
"TRA-CGC5-1-001","epithelium vs brain",80.5,12.5102668154993,6.69743920479939e-06
"TRA-CGC5-1-001","embryo vs others",19.3333333333333,1.6055821304566,0.136402234645357
"TRA-CGC5-1-001","blood vs others",36.5,3.40694764628133,0.00409445488562148
"TRA-CGC5-1-001","epithelium vs others",32.3,2.89476384818317,0.0108826927530472
"TRA-CGC5-1-001","brain vs others",-80.4,-12.9262815487419,1.27622364787304e-05
"tRNA-Gly-CCC-4-1","embryo vs blood",-24.1666666666667,-2.68509310538182,0.0246359886784779
"tRNA-Gly-CCC-4-1","embryo vs epithelium",-48.6666666666667,-12.1878445184934,3.05471433021947e-07
"tRNA-Gly-CCC-4-1","embryo vs brain",-31.4666666666667,-5.40125673167011,0.000376161027333286
"tRNA-Gly-CCC-4-1","blood vs epithelium",-24.5,-2.5062563423239,0.0271776185114287
"tRNA-Gly-CCC-4-1","blood vs brain",-7.3,-0.685040964099162,0.50352477457905
"tRNA-Gly-CCC-4-1","epithelium vs brain",17.2,2.46988923612945,0.0252943199787107
"tRNA-Gly-CCC-4-1","embryo vs others",-34.7666666666667,-8.27385207796185,2.33250277730371e-09
"tRNA-Gly-CCC-4-1","blood vs others",-6.65384615384615,-0.662961043087395,0.518247803064916
"tRNA-Gly-CCC-4-1","epithelium vs others",27.2692307692308,4.4885322073416,9.50743777237864e-05
"tRNA-Gly-CCC-4-1","brain vs others",3.45384615384615,0.443885305049174,0.661098925804254
"tRNA-Glu-CTC-1-2","embryo vs blood",2.2,1,0.334281943394657
"tRNA-Glu-CTC-1-2","embryo vs epithelium",2.2,1,0.334281943394657
"tRNA-Glu-CTC-1-2","embryo vs brain",0.1375,0.0455960752587554,0.963947782406843
"tRNA-Glu-CTC-1-2","blood vs epithelium",0,NA,NA
"tRNA-Glu-CTC-1-2","blood vs brain",-2.0625,-1,0.333170135915476
"tRNA-Glu-CTC-1-2","epithelium vs brain",-2.0625,-1,0.333170135915476
"tRNA-Glu-CTC-1-2","embryo vs others",1.5125,0.656204984899083,0.520568922876544
"tRNA-Glu-CTC-1-2","blood vs others",-1.40425531914894,-1.42984070596848,0.159519961084122
"tRNA-Glu-CTC-1-2","epithelium vs others",-1.40425531914894,-1.42984070596848,0.159519961084122
"tRNA-Glu-CTC-1-2","brain vs others",1.36037234042553,0.62438610824584,0.539959300333659
"tRNA-Ile-AAT-12-1","embryo vs blood",-48.6666666666667,-13.389498650287,2.40584674760781e-12
"tRNA-Ile-AAT-12-1","embryo vs epithelium",-46.7777777777778,-11.6123799180485,1.40373924496531e-12
"tRNA-Ile-AAT-12-1","embryo vs brain",32.7222222222222,5.77599589312943,2.29050227259841e-06
"tRNA-Ile-AAT-12-1","blood vs epithelium",1.8888888888889,0.70929376118065,0.483846712074255
"tRNA-Ile-AAT-12-1","blood vs brain",81.3888888888889,16.9857129137407,1.83890400876818e-13
"tRNA-Ile-AAT-12-1","epithelium vs brain",79.5,15.5985867520751,2.58683029969754e-14
"tRNA-Ile-AAT-12-1","embryo vs others",-20.9074074074074,-3.25280545628847,0.00176304745370826
"tRNA-Ile-AAT-12-1","blood vs others",43.9814814814815,8.61027743158684,3.94940613123384e-12
"tRNA-Ile-AAT-12-1","epithelium vs others",41.462962962963,7.59536852975639,1.18786102446357e-10
"tRNA-Ile-AAT-12-1","brain vs others",-64.537037037037,-11.3319650071014,1.24808976842605e-13
"tRNA-Gly-GCC-2-4","embryo vs blood",1.25,0.821994936526786,0.427637697484161
"tRNA-Gly-GCC-2-4","embryo vs epithelium",0.25,0.147880990246691,0.884224486603388
"tRNA-Gly-GCC-2-4","embryo vs brain",1.5,1,0.338800696196202
"tRNA-Gly-GCC-2-4","blood vs epithelium",-1,-1.22128023963741,0.243284808857956
"tRNA-Gly-GCC-2-4","blood vs brain",0.25,1,0.338800696196202
"tRNA-Gly-GCC-2-4","epithelium vs brain",1.25,1.60315110265499,0.137204763787325
"tRNA-Gly-GCC-2-4","embryo vs others",1,0.655322708870016,0.524854234851064
"tRNA-Gly-GCC-2-4","blood vs others",-0.666666666666667,-1.08981596313785,0.28163178020064
"tRNA-Gly-GCC-2-4","epithelium vs others",0.666666666666667,0.717835030051694,0.48077501316527
"tRNA-Gly-GCC-2-4","brain vs others",-1,-1.78376517003169,0.083134965545396
"tRNA-Pro-AGG-2-4","embryo vs blood",1.33333333333333,0.907940511210374,0.37945234248949
"tRNA-Pro-AGG-2-4","embryo vs epithelium",0.5,0.322986589809932,0.750811063380523
"tRNA-Pro-AGG-2-4","embryo vs brain",1.83333333333333,1.32774768208601,0.211155744177536
"tRNA-Pro-AGG-2-4","blood vs epithelium",-0.833333333333333,-0.968796445545205,0.344270763865485
"tRNA-Pro-AGG-2-4","blood vs brain",0.5,1,0.338800696196202
"tRNA-Pro-AGG-2-4","epithelium vs brain",1.33333333333333,1.9049582618476,0.0832486787164376
"tRNA-Pro-AGG-2-4","embryo vs others",1.22222222222222,0.865818661641155,0.403555863468149
"tRNA-Pro-AGG-2-4","blood vs others",-0.555555555555556,-0.771779304437699,0.445468828255317
"tRNA-Pro-AGG-2-4","epithelium vs others",0.555555555555555,0.648926493213846,0.522854271750523
"tRNA-Pro-AGG-2-4","brain vs others",-1.22222222222222,-2.28586299859926,0.0284298984710968
"TRG-CCC6-1","embryo vs blood",3,1.14116204101719,0.27486998289175
"TRG-CCC6-1","embryo vs epithelium",4.6,1.9020465701489,0.0878576423768482
"TRG-CCC6-1","embryo vs brain",5,2.09631372890605,0.0655089528919206
"TRG-CCC6-1","blood vs epithelium",1.6,1.36091514509698,0.200026070323277
"TRG-CCC6-1","blood vs brain",2,1.80906806746658,0.103888131062102
"TRG-CCC6-1","epithelium vs brain",0.4,1,0.343436396137914
"TRG-CCC6-1","embryo vs others",4.2,1.73535577584785,0.114796975517279
"TRG-CCC6-1","blood vs others",0.2,0.141253683180306,0.888985848206181
"TRG-CCC6-1","epithelium vs others",-1.93333333333333,-1.91378210521422,0.0634720217862748
"TRG-CCC6-1","brain vs others",-2.46666666666667,-2.66474696894727,0.0124539926204609
"TRA-TGC4-1","embryo vs blood",-4.25,-1.34217165635406,0.221437816579925
"TRA-TGC4-1","embryo vs epithelium",-2.5,-1,0.350616662820208
"TRA-TGC4-1","embryo vs brain",0,NA,NA
"TRA-TGC4-1","blood vs epithelium",1.75,0.433764220277789,0.671420590578915
"TRA-TGC4-1","blood vs brain",4.25,1.34217165635406,0.221437816579925
"TRA-TGC4-1","epithelium vs brain",2.5,1,0.350616662820208
"TRA-TGC4-1","embryo vs others",-2.25,-1.68478387303295,0.105553491490903
"TRA-TGC4-1","blood vs others",3.41666666666667,1.04347080123875,0.327264743741665
"TRA-TGC4-1","epithelium vs others",1.08333333333333,0.397123180263597,0.699774535217316
"TRA-TGC4-1","brain vs others",-2.25,-1.68478387303295,0.105553491490903
"TRP-AGG1-1","embryo vs blood",-52.75,-5.81624703190916,9.80807109954664e-05
"TRP-AGG1-1","embryo vs epithelium",-49.9166666666667,-8.68680084711404,1.37352890840375e-06
"TRP-AGG1-1","embryo vs brain",1.91666666666667,1.43065773991035,0.180316482103318
"TRP-AGG1-1","blood vs epithelium",2.83333333333333,0.268102907170955,0.791599414900656
"TRP-AGG1-1","blood vs brain",54.6666666666667,6.09443808996488,7.79880832915479e-05
"TRP-AGG1-1","epithelium vs brain",51.8333333333333,9.2759771737157,1.55834410682888e-06
"TRP-AGG1-1","embryo vs others",-33.5833333333333,-5.98018185615393,5.56854254179088e-07
"TRP-AGG1-1","blood vs others",36.75,3.66822526637059,0.00193791175950949
"TRP-AGG1-1","epithelium vs others",32.9722222222222,4.32297796695368,0.00014825697431947
"TRP-AGG1-1","brain vs others",-36.1388888888889,-6.75081977531,8.03069962626936e-08
"TRK-CTT3-1","embryo vs blood",-52,-4.73836126025582,0.000607969111608682
"TRK-CTT3-1","embryo vs epithelium",0.333333333333333,1,0.338800696196202
"TRK-CTT3-1","embryo vs brain",-1.33333333333333,-1.67809415707224,0.113380137522481
"TRK-CTT3-1","blood vs epithelium",52.3333333333333,4.77093667985896,0.000579805612749769
"TRK-CTT3-1","blood vs brain",50.6666666666667,4.60904346349078,0.000737023069117092
"TRK-CTT3-1","epithelium vs brain",-1.66666666666667,-2.31080198745862,0.0412404352646248
"TRK-CTT3-1","embryo vs others",-17.6666666666667,-3.24589271787906,0.00256779271931295
"TRK-CTT3-1","blood vs others",51.6666666666667,4.70857673885505,0.000638846721808611
"TRK-CTT3-1","epithelium vs others",-18.1111111111111,-3.33958101384787,0.00200252888786456
"TRK-CTT3-1","brain vs others",-15.8888888888889,-2.88098793082315,0.00662478209273107
"tRNA-Glu-TTC-4-1","embryo vs blood",-74.9583333333333,-17.1920660086645,1.99388084127256e-13
"tRNA-Glu-TTC-4-1","embryo vs epithelium",-71.8333333333333,-14.5364423456603,1.15500480131506e-11
"tRNA-Glu-TTC-4-1","embryo vs brain",-84.9583333333333,-17.4263320433711,4.31374587946593e-13
"tRNA-Glu-TTC-4-1","blood vs epithelium",3.125,0.507784772600901,0.615392858906673
"tRNA-Glu-TTC-4-1","blood vs brain",-10,-1.63905980445879,0.11181745344132
"tRNA-Glu-TTC-4-1","epithelium vs brain",-13.125,-2.01015697340704,0.0534829354820547
"tRNA-Glu-TTC-4-1","embryo vs others",-77.25,-24.79490819524,3.38209799345277e-33
"tRNA-Glu-TTC-4-1","blood vs others",21.5824468085106,3.02499981616649,0.00367232675088676
"tRNA-Glu-TTC-4-1","epithelium vs others",17.3936170212766,2.31167874742348,0.0245365225414678
"tRNA-Glu-TTC-4-1","brain vs others",34.9867021276596,4.90163983023815,9.34737467541413e-06
"tRNA-Thr-CGT-5-1","embryo vs blood",-72.75,-7.00066139909678,6.92740889036875e-06
"tRNA-Thr-CGT-5-1","embryo vs epithelium",-80.25,-9.49827672728019,3.6387740244018e-07
"tRNA-Thr-CGT-5-1","embryo vs brain",-26.375,-3.04538671824564,0.00921532312172486
"tRNA-Thr-CGT-5-1","blood vs epithelium",-7.5,-0.806904885352535,0.435592883220452
"tRNA-Thr-CGT-5-1","blood vs brain",46.375,4.88792993528425,0.000344256494722898
"tRNA-Thr-CGT-5-1","epithelium vs brain",53.875,7.37194634034345,3.59622187988935e-06
"tRNA-Thr-CGT-5-1","embryo vs others",-59.7916666666667,-6.5696570336136,2.93421780121406e-06
"tRNA-Thr-CGT-5-1","blood vs others",37.2083333333333,3.39482274952902,0.00274177120918893
"tRNA-Thr-CGT-5-1","epithelium vs others",47.2083333333333,5.34325535069776,9.95561076533264e-06
"tRNA-Thr-CGT-5-1","brain vs others",-24.625,-2.47555972664895,0.0192771616502553
"TRG-TCC1-1","embryo vs blood",0,NA,NA
"TRG-TCC1-1","embryo vs epithelium",0,NA,NA
"TRG-TCC1-1","embryo vs brain",0,NA,NA
"TRG-TCC1-1","blood vs epithelium",0,NA,NA
"TRG-TCC1-1","blood vs brain",0,NA,NA
"TRG-TCC1-1","epithelium vs brain",0,NA,NA
"TRG-TCC1-1","embryo vs others",0,NA,NA
"TRG-TCC1-1","blood vs others",0,NA,NA
"TRG-TCC1-1","epithelium vs others",0,NA,NA
"TRG-TCC1-1","brain vs others",0,NA,NA
"SNORD13","embryo vs blood",-0.3,-0.344880749357706,0.736068385616574
"SNORD13","embryo vs epithelium",0.5,1.4638501094228,0.177267702505608
"SNORD13","embryo vs brain",-1.9,-1.16133216759329,0.272961218761467
"SNORD13","blood vs epithelium",0.8,1,0.343436396137914
"SNORD13","blood vs brain",-1.6,-0.894427190999916,0.38706973503377
"SNORD13","epithelium vs brain",-2.4,-1.5,0.167850656057075
"SNORD13","embryo vs others",-0.566666666666667,-0.816188251607336,0.419480387830541
"SNORD13","blood vs others",-0.166666666666667,-0.170659466532194,0.866334262179087
"SNORD13","epithelium vs others",-1.23333333333333,-2.03561340870316,0.051016965907424
"SNORD13","brain vs others",1.96666666666667,1.20993441836744,0.255303796351726
"tRNA-Val-CAC-3-1","embryo vs blood",-2.33333333333333,-2.46582480537505,0.024607062279767
"tRNA-Val-CAC-3-1","embryo vs epithelium",-2.44444444444444,-2.50905018348764,0.0225264522354339
"tRNA-Val-CAC-3-1","embryo vs brain",0,NA,NA
"tRNA-Val-CAC-3-1","blood vs epithelium",-0.111111111111111,-0.081810227880301,0.935277747807685
"tRNA-Val-CAC-3-1","blood vs brain",2.33333333333333,2.46582480537505,0.024607062279767
"tRNA-Val-CAC-3-1","epithelium vs brain",2.44444444444444,2.50905018348764,0.0225264522354339
"tRNA-Val-CAC-3-1","embryo vs others",-1.59259259259259,-3.38629622246025,0.00134130797495049
"tRNA-Val-CAC-3-1","blood vs others",1.50314465408805,1.48355536317633,0.151993165944013
"tRNA-Val-CAC-3-1","epithelium vs others",1.65199161425577,1.59550060444998,0.125149212069144
"tRNA-Val-CAC-3-1","brain vs others",-1.62264150943396,-3.39262524122746,0.00133052780580339
"tRNA-Thr-TGT-4-1","embryo vs blood",-80.8571428571429,-15.3010233471144,4.92179642319489e-06
"tRNA-Thr-TGT-4-1","embryo vs epithelium",-44.1428571428571,-9.41711438518474,8.14894666934774e-05
"tRNA-Thr-TGT-4-1","embryo vs brain",-3.57142857142857,-1,0.355917683749582
"tRNA-Thr-TGT-4-1","blood vs epithelium",36.7142857142857,5.19749034924264,0.000233287283564906
"tRNA-Thr-TGT-4-1","blood vs brain",77.2857142857143,12.1173401829926,1.61228519074546e-07
"tRNA-Thr-TGT-4-1","epithelium vs brain",40.5714285714286,6.8846377553599,2.39689258472002e-05
"tRNA-Thr-TGT-4-1","embryo vs others",-42.8571428571429,-5.72282224396503,1.33703855748171e-05
"tRNA-Thr-TGT-4-1","blood vs others",64.1571428571429,8.79482673292219,8.51127939236518e-08
"tRNA-Thr-TGT-4-1","epithelium vs others",14.5928571428571,1.45074742424167,0.159317944028102
"tRNA-Thr-TGT-4-1","brain vs others",-40.1785714285714,-4.67509779472459,9.14172454880176e-05
"TRV-TAC1-1","embryo vs blood",0,NA,NA
"TRV-TAC1-1","embryo vs epithelium",-1.16666666666667,-1,0.363217467649122
"TRV-TAC1-1","embryo vs brain",0,NA,NA
"TRV-TAC1-1","blood vs epithelium",-1.16666666666667,-1,0.363217467649122
"TRV-TAC1-1","blood vs brain",0,NA,NA
"TRV-TAC1-1","epithelium vs brain",1.16666666666667,1,0.363217467649122
"TRV-TAC1-1","embryo vs others",-0.388888888888889,-1,0.331332762038679
"TRV-TAC1-1","blood vs others",-0.466666666666667,-1,0.334281943394657
"TRV-TAC1-1","epithelium vs others",1.16666666666667,1,0.363217467649122
"TRV-TAC1-1","brain vs others",-0.466666666666667,-1,0.334281943394657
"SNAR-A1","embryo vs blood",-20.7222222222222,-0.619615962423985,0.597966524842791
"SNAR-A1","embryo vs brain",66.6666666666667,2,0.183503419072274
"SNAR-A1","blood vs brain",87.3888888888889,32.1968375110521,1.12056001518454e-16
"SNAR-A1","embryo vs others",1.125,0.0327854378106575,0.976531130719174
"SNAR-A1","blood vs others",65.1666666666667,4.35981514776084,0.0020601445431889
"SNAR-A1","brain vs others",-84.4285714285714,-17.2809972494955,1.72248820078387e-13
"LINC00459","embryo vs blood",3.5,7,0.0903344706017331
"LINC00459","embryo vs epithelium",50.5,1.90566037735849,0.307648376568371
"LINC00459","embryo vs brain",65,10.8333333333333,0.0585988439705751
"LINC00459","blood vs epithelium",47,1.77326929307568,0.326755515250599
"LINC00459","blood vs brain",61.5,10.21459402201,0.0603132028078182
"LINC00459","epithelium vs brain",14.5,0.533661993778005,0.681140371160253
"LINC00459","embryo vs others",39.6666666666667,2.90036930293065,0.0337761742488992
"LINC00459","blood vs others",35,2.44629666370993,0.0580804863815609
"LINC00459","epithelium vs others",-27.6666666666667,-0.931121907374773,0.472863767500632
"LINC00459","brain vs others",-47,-3.41995349266438,0.0142359424965795
"tRNA-Pro-TGG-1-1","embryo vs blood",-23.5833333333333,-3.42704889313381,0.00565243114313752
"tRNA-Pro-TGG-1-1","embryo vs epithelium",-31.25,-5.76229168033295,0.00012607208167496
"tRNA-Pro-TGG-1-1","embryo vs brain",0,NA,NA
"tRNA-Pro-TGG-1-1","blood vs epithelium",-7.66666666666667,-0.875025992757614,0.391523680433273
"tRNA-Pro-TGG-1-1","blood vs brain",23.5833333333333,3.42704889313381,0.00565243114313752
"tRNA-Pro-TGG-1-1","epithelium vs brain",31.25,5.76229168033295,0.00012607208167496
"tRNA-Pro-TGG-1-1","embryo vs others",-18.2777777777778,-5.05099489339513,1.3751680191864e-05
"tRNA-Pro-TGG-1-1","blood vs others",12.5539215686274,1.65450126145786,0.117493494132693
"tRNA-Pro-TGG-1-1","epithelium vs others",22.9264705882353,3.67914578608696,0.00164780544828516
"tRNA-Pro-TGG-1-1","brain vs others",-19.3529411764706,-5.15855508894466,1.15579816540821e-05
"FAM30A","embryo vs blood",80.6129032258064,16.8060631917922,8.23173416983065e-17
"FAM30A","embryo vs epithelium",68.0967741935484,10.9885932537337,8.94176178801545e-16
"FAM30A","embryo vs brain",22.2795698924731,2.44396207368419,0.0190865135179099
"FAM30A","blood vs epithelium",-12.5161290322581,-3.18987923019204,0.00332413639661856
"FAM30A","blood vs brain",-58.3333333333333,-7.52474481732878,1.20662631326741e-07
"FAM30A","epithelium vs brain",-45.8172043010753,-5.27324568032701,7.26220402131013e-06
"FAM30A","embryo vs others",60.0611790878754,10.0090689989424,7.14023242983533e-15
"FAM30A","blood vs others",-49.8488372093023,-11.2642247240355,1.53199275953286e-18
"FAM30A","epithelium vs others",-32.2999629217649,-5.29760364637359,6.6934360342097e-07
"FAM30A","brain vs others",27.6205673758865,3.13467637526529,0.00333145784203669
"tRNA-Gln-CTG-2-1","embryo vs blood",-59.1666666666667,-16.8286139414692,1.3544733025893e-05
"tRNA-Gln-CTG-2-1","embryo vs epithelium",-2,-1,0.363217467649123
"tRNA-Gln-CTG-2-1","embryo vs brain",0,NA,NA
"tRNA-Gln-CTG-2-1","blood vs epithelium",57.1666666666667,14.1330687848301,6.65253951794861e-07
"tRNA-Gln-CTG-2-1","blood vs brain",59.1666666666667,16.8286139414692,1.3544733025893e-05
"tRNA-Gln-CTG-2-1","epithelium vs brain",2,1,0.363217467649123
"tRNA-Gln-CTG-2-1","embryo vs others",-20.3888888888889,-3.01042835025555,0.00787754056031533
"tRNA-Gln-CTG-2-1","blood vs others",58.5,16.347699792425,8.80201510359927e-06
"tRNA-Gln-CTG-2-1","epithelium vs others",-17.7222222222222,-2.48227473606509,0.0222833322661269
"tRNA-Gln-CTG-2-1","brain vs others",-20.3888888888889,-3.01042835025555,0.00787754056031533
"tRNA-Arg-CCT-3-1","embryo vs blood",-7,-1.73559646288163,0.143155115835328
"tRNA-Arg-CCT-3-1","embryo vs epithelium",-2,-1,0.363217467649123
"tRNA-Arg-CCT-3-1","embryo vs brain",0,NA,NA
"tRNA-Arg-CCT-3-1","blood vs epithelium",5,1.1106541457983,0.301869035443483
"tRNA-Arg-CCT-3-1","blood vs brain",7,1.73559646288163,0.143155115835328
"tRNA-Arg-CCT-3-1","epithelium vs brain",2,1,0.363217467649123
"tRNA-Arg-CCT-3-1","embryo vs others",-3,-1.8986079221063,0.0747252974974857
"tRNA-Arg-CCT-3-1","blood vs others",6.33333333333333,1.54927917350193,0.178972931148437
"tRNA-Arg-CCT-3-1","epithelium vs others",-0.333333333333333,-0.133490473438938,0.896189102455938
"tRNA-Arg-CCT-3-1","brain vs others",-3,-1.8986079221063,0.0747252974974857
"TRV","embryo vs blood",0.235294117647059,1.46059348668044,0.16348548685934
"TRV","embryo vs epithelium",-0.375816993464052,-0.594658793531285,0.558963186692173
"TRV","embryo vs brain",-2.20915032679739,-1.65022420653257,0.116729928524575
"TRV","blood vs epithelium",-0.611111111111111,-1,0.331332762038679
"TRV","blood vs brain",-2.44444444444444,-1.83935414866483,0.0833945311583894
"TRV","epithelium vs brain",-1.83333333333333,-1.25335358369857,0.222209365982121
"TRV","embryo vs others",-0.78322440087146,-1.49335601241801,0.14038547148159
"TRV","blood vs others",-1.11320754716981,-2.19120499048921,0.0329406894609739
"TRV","epithelium vs others",-0.294549266247379,-0.381628415541825,0.704820866917579
"TRV","brain vs others",2.16142557651992,1.60594297213331,0.125803763543248
"TRF-GAA1-4","embryo vs blood",0.5,1,0.343436396137914
"TRF-GAA1-4","embryo vs epithelium",-1.6,-1.06430416838038,0.309589737585605
"TRF-GAA1-4","embryo vs brain",-2,-0.784464540552736,0.451464256858874
"TRF-GAA1-4","blood vs epithelium",-2.1,-1.48122579330306,0.172685089629539
"TRF-GAA1-4","blood vs brain",-2.5,-1,0.343436396137914
"TRF-GAA1-4","epithelium vs brain",-0.4,-0.139177800127844,0.891258028549097
"TRF-GAA1-4","embryo vs others",-1.03333333333333,-0.965294310432896,0.340512491947473
"TRF-GAA1-4","blood vs others",-1.7,-1.78592322222339,0.0845733164276872
"TRF-GAA1-4","epithelium vs others",1.1,0.666649075913771,0.514558394063817
"TRF-GAA1-4","brain vs others",1.63333333333333,0.640082232623694,0.536849584892022
"tRNA-iMet-CAT-2-1","embryo vs blood",-83.625,-13.6563117599146,8.01477464285886e-07
"tRNA-iMet-CAT-2-1","embryo vs epithelium",-78.375,-10.9291087760147,1.01110709506268e-07
"tRNA-iMet-CAT-2-1","embryo vs brain",-61.5,-6.36260938335347,2.33883140507318e-05
"tRNA-iMet-CAT-2-1","blood vs epithelium",5.25,1.2068453023748,0.257988902745378
"tRNA-iMet-CAT-2-1","blood vs brain",22.125,2.8345279063889,0.0231832650383955
"tRNA-iMet-CAT-2-1","epithelium vs brain",16.875,1.95044466263182,0.0779294433212762
"tRNA-iMet-CAT-2-1","embryo vs others",-74.5,-10.8993384974524,1.33616094546687e-07
"tRNA-iMet-CAT-2-1","blood vs others",37,4.66287651310367,9.0891595901619e-05
"tRNA-iMet-CAT-2-1","epithelium vs others",30,3.34205398300187,0.00224824402390288
"tRNA-iMet-CAT-2-1","brain vs others",7.5,0.664236781705154,0.513035793548252
"SNAR-C3","embryo vs blood",-14.1642857142857,-1.51562569542115,0.15349678647241
"SNAR-C3","embryo vs epithelium",-0.464285714285708,-0.0460130560024212,0.963824650306507
"SNAR-C3","embryo vs brain",29.7857142857143,2.39924499330099,0.0230942946210562
"SNAR-C3","blood vs epithelium",13.7,3.57814124423201,0.00197431379202425
"SNAR-C3","blood vs brain",43.95,5.37061816367134,3.46598395426966e-05
"SNAR-C3","epithelium vs brain",30.25,3.35193525148181,0.00239260182938672
"SNAR-C3","embryo vs others",5.05238095238096,0.500964703512518,0.622616592707488
"SNAR-C3","blood vs others",25.0240740740741,5.53636454726126,9.56834677808461e-07
"SNAR-C3","epithelium vs others",6.25,1.04198812457515,0.301258877595522
"SNAR-C3","brain vs others",-35.2037037037037,-4.0590092710143,0.000456769751589846
"TRA-AGC11-1","embryo vs blood",-42.1538461538462,-6.03541554296856,5.60045942195272e-05
"TRA-AGC11-1","embryo vs epithelium",0.538461538461538,1,0.337049057953584
"TRA-AGC11-1","embryo vs brain",0.538461538461538,1,0.337049057953584
"TRA-AGC11-1","blood vs epithelium",42.6923076923077,6.13075679221206,5.09261805229947e-05
"TRA-AGC11-1","blood vs brain",42.6923076923077,6.13075679221206,5.09261805229947e-05
"TRA-AGC11-1","epithelium vs brain",0,NA,NA
"TRA-AGC11-1","embryo vs others",-13.6923076923077,-3.41741651483988,0.00148179621266716
"TRA-AGC11-1","blood vs others",42.5128205128205,6.10295493167446,5.28197048066392e-05
"TRA-AGC11-1","epithelium vs others",-14.4102564102564,-3.64135916652566,0.000805278390035327
"TRA-AGC11-1","brain vs others",-14.4102564102564,-3.64135916652566,0.000805278390035327
"TRL-TAG2-1","embryo vs blood",-67.5,-10.8787884033889,2.26004354908074e-07
"TRL-TAG2-1","embryo vs epithelium",-29.0833333333333,-11.898914653235,1.07982969360831e-08
"TRL-TAG2-1","embryo vs brain",-2.66666666666667,-0.993407390883234,0.338100488619818
"TRL-TAG2-1","blood vs epithelium",38.4166666666667,5.85612283004832,4.1717513769125e-05
"TRL-TAG2-1","blood vs brain",64.8333333333333,9.7445363397428,8.54640155592825e-08
"TRL-TAG2-1","epithelium vs brain",26.4166666666667,7.70922653531361,1.16825299264543e-07
"TRL-TAG2-1","embryo vs others",-33.0833333333333,-6.46934160264688,1.47323412392946e-07
"TRL-TAG2-1","blood vs others",56.9166666666667,8.57970670617666,3.98157919234602e-07
"TRL-TAG2-1","epithelium vs others",5.69444444444445,0.92621763947162,0.359431765154878
"TRL-TAG2-1","brain vs others",-29.5277777777778,-5.14752750777795,5.4660820456904e-06
"tRNA-Met-CAT-6-1","embryo vs blood",-1,-0.810998224908889,0.431123398774873
"tRNA-Met-CAT-6-1","embryo vs epithelium",-0.928571428571428,-0.798583651884136,0.437952085399121
"tRNA-Met-CAT-6-1","embryo vs brain",0.214285714285714,1,0.335561277865423
"tRNA-Met-CAT-6-1","blood vs epithelium",0.0714285714285714,0.0428352936878119,0.966161296710186
"tRNA-Met-CAT-6-1","blood vs brain",1.21428571428571,1,0.335561277865423
"tRNA-Met-CAT-6-1","epithelium vs brain",1.14285714285714,1,0.335561277865423
"tRNA-Met-CAT-6-1","embryo vs others",-0.571428571428571,-0.969563068390754,0.336864429116586
"tRNA-Met-CAT-6-1","blood vs others",0.761904761904762,0.597983722883541,0.558375031675149
"tRNA-Met-CAT-6-1","epithelium vs others",0.666666666666667,0.549176698317449,0.590256241630634
"tRNA-Met-CAT-6-1","brain vs others",-0.857142857142857,-1.55510470003537,0.127607339170123
"TRM-CAT3-2","embryo vs blood",-1.375,-2.02281670934702,0.0827855791281661
"TRM-CAT3-2","embryo vs epithelium",-1.625,-1.5215349135497,0.171935800829652
"TRM-CAT3-2","embryo vs brain",0,NA,NA
"TRM-CAT3-2","blood vs epithelium",-0.25,-0.197477123952826,0.846794911724687
"TRM-CAT3-2","blood vs brain",1.375,2.02281670934702,0.0827855791281661
"TRM-CAT3-2","epithelium vs brain",1.625,1.5215349135497,0.171935800829652
"TRM-CAT3-2","embryo vs others",-1,-2.3263199921512,0.0291711523553093
"TRM-CAT3-2","blood vs others",0.833333333333333,1.07289794432068,0.305124004855619
"TRM-CAT3-2","epithelium vs others",1.16666666666667,1.0624661669099,0.319751308670163
"TRM-CAT3-2","brain vs others",-1,-2.3263199921512,0.0291711523553093
"tRNA-Leu-CAG-2-2","embryo vs blood",1.07142857142857,1.36018192778038,0.196892991827226
"tRNA-Leu-CAG-2-2","embryo vs epithelium",0.214285714285714,0.184074929026444,0.855392912886567
"tRNA-Leu-CAG-2-2","embryo vs brain",-0.0714285714285714,-0.0514606372758522,0.959401315207427
"tRNA-Leu-CAG-2-2","blood vs epithelium",-0.857142857142857,-1,0.335561277865423
"tRNA-Leu-CAG-2-2","blood vs brain",-1.14285714285714,-1,0.335561277865423
"tRNA-Leu-CAG-2-2","epithelium vs brain",-0.285714285714286,-0.2,0.843157949069319
"tRNA-Leu-CAG-2-2","embryo vs others",0.404761904761905,0.441123765588658,0.663241256463616
"tRNA-Leu-CAG-2-2","blood vs others",-1.02380952380952,-1.92919234442092,0.0606481005161843
"tRNA-Leu-CAG-2-2","epithelium vs others",0.119047619047619,0.12246403333859,0.903698015046352
"tRNA-Leu-CAG-2-2","brain vs others",0.5,0.414573262306541,0.683939950934669
"TRA-AGC1-1","embryo vs blood",-87,-16.7653488802626,6.5711576566725e-07
"TRA-AGC1-1","embryo vs epithelium",0,NA,NA
"TRA-AGC1-1","embryo vs brain",0,NA,NA
"TRA-AGC1-1","blood vs epithelium",87,16.7653488802626,6.5711576566725e-07
"TRA-AGC1-1","blood vs brain",87,16.7653488802626,6.5711576566725e-07
"TRA-AGC1-1","epithelium vs brain",0,NA,NA
"TRA-AGC1-1","embryo vs others",-29,-3.32954540082836,0.00291510152310885
"TRA-AGC1-1","blood vs others",87,16.7653488802626,6.5711576566725e-07
"TRA-AGC1-1","epithelium vs others",-29,-3.32954540082836,0.00291510152310885
"TRA-AGC1-1","brain vs others",-29,-3.32954540082836,0.00291510152310885
"tRNA-Gly-TCC-3-1","embryo vs blood",-40.7,-5.39922039958822,0.000433448188715864
"tRNA-Gly-TCC-3-1","embryo vs epithelium",0,NA,NA
"tRNA-Gly-TCC-3-1","embryo vs brain",-2.8,-1.5,0.167850656057075
"tRNA-Gly-TCC-3-1","blood vs epithelium",40.7,5.39922039958822,0.000433448188715864
"tRNA-Gly-TCC-3-1","blood vs brain",37.9,4.88036773240809,0.000623407820935834
"tRNA-Gly-TCC-3-1","epithelium vs brain",-2.8,-1.5,0.167850656057075
"tRNA-Gly-TCC-3-1","embryo vs others",-14.5,-3.40644438604527,0.0019475171495279
"tRNA-Gly-TCC-3-1","blood vs others",39.7344827586207,5.25041174446107,0.000500935417076172
"tRNA-Gly-TCC-3-1","epithelium vs others",-15,-3.42815099147897,0.00189931859419446
"tRNA-Gly-TCC-3-1","brain vs others",-11.2344827586207,-2.33504102499455,0.0253422288003373
"tRNA-Lys-CTT-5-1","embryo vs blood",-34.4615384615385,-4.56197778278619,0.000143389670032887
"tRNA-Lys-CTT-5-1","embryo vs epithelium",-50.9230769230769,-8.07347091095343,8.20760105386233e-07
"tRNA-Lys-CTT-5-1","embryo vs brain",0.769230769230766,0.0809665727661129,0.936170383389929
"tRNA-Lys-CTT-5-1","blood vs epithelium",-16.4615384615385,-3.23710280442167,0.0049673171646254
"tRNA-Lys-CTT-5-1","blood vs brain",35.2307692307692,4.03230886295894,0.00064243505948733
"tRNA-Lys-CTT-5-1","epithelium vs brain",51.6923076923077,6.72650543440109,1.01591920078151e-05
"tRNA-Lys-CTT-5-1","embryo vs others",-28.2051282051282,-3.76182394586865,0.000821685785309927
"tRNA-Lys-CTT-5-1","blood vs others",17.7435897435897,2.59037415610694,0.0133587556312762
"tRNA-Lys-CTT-5-1","epithelium vs others",39.6923076923077,8.24686117544992,7.80569341862505e-11
"tRNA-Lys-CTT-5-1","brain vs others",-29.2307692307692,-3.41949881019312,0.00262610559312606
"tRNA-Ile-AAT-2-1","embryo vs blood",-17.2857142857143,-4.09288605352502,0.00124706851874505
"tRNA-Ile-AAT-2-1","embryo vs epithelium",-0.214285714285714,-0.372104203767625,0.713602580733002
"tRNA-Ile-AAT-2-1","embryo vs brain",-0.571428571428571,-0.632455532033676,0.536105063270705
"tRNA-Ile-AAT-2-1","blood vs epithelium",17.0714285714286,4.02320416086905,0.00137273935769432
"tRNA-Ile-AAT-2-1","blood vs brain",16.7142857142857,3.88706464098281,0.00162809110269736
"tRNA-Ile-AAT-2-1","epithelium vs brain",-0.357142857142857,-0.359907875374347,0.722522370339618
"tRNA-Ile-AAT-2-1","embryo vs others",-6.02380952380952,-3.17064854936202,0.00280852936726016
"tRNA-Ile-AAT-2-1","blood vs others",17.0238095238095,4.02721396440388,0.00140179529450685
"tRNA-Ile-AAT-2-1","epithelium vs others",-5.73809523809524,-2.95114032568892,0.00495596063654934
"tRNA-Ile-AAT-2-1","brain vs others",-5.26190476190476,-2.55361194063834,0.0135924550918698
"TRA-CGC4-1","embryo vs blood",-19.4285714285714,-6.59100698530941,1.73940468765681e-05
"TRA-CGC4-1","embryo vs epithelium",0,NA,NA
"TRA-CGC4-1","embryo vs brain",0,NA,NA
"TRA-CGC4-1","blood vs epithelium",19.4285714285714,6.59100698530941,1.73940468765681e-05
"TRA-CGC4-1","blood vs brain",19.4285714285714,6.59100698530941,1.73940468765681e-05
"TRA-CGC4-1","epithelium vs brain",0,NA,NA
"TRA-CGC4-1","embryo vs others",-6.47619047619048,-3.76149592779644,0.000528773214507678
"TRA-CGC4-1","blood vs others",19.4285714285714,6.59100698530941,1.73940468765681e-05
"TRA-CGC4-1","epithelium vs others",-7.77142857142857,-3.88891356782592,0.000444702831526554
"TRA-CGC4-1","brain vs others",-7.77142857142857,-3.88891356782592,0.000444702831526554
"TRK-TTT4-1","embryo vs blood",-73.6666666666667,-6.7123969685002,0.0214818875028761
"TRK-TTT4-1","embryo vs epithelium",-30.3333333333333,-2.52388589282479,0.127617415376373
"TRK-TTT4-1","embryo vs brain",0,NA,NA
"TRK-TTT4-1","blood vs epithelium",43.3333333333333,2.66250374168688,0.0567246018786854
"TRK-TTT4-1","blood vs brain",73.6666666666667,6.7123969685002,0.0214818875028761
"TRK-TTT4-1","epithelium vs brain",30.3333333333333,2.52388589282479,0.127617415376373
"TRK-TTT4-1","embryo vs others",-34.6666666666667,-2.96930839379763,0.0178900282202383
"TRK-TTT4-1","blood vs others",63.5555555555556,5.0555666376705,0.0112834233068786
"TRK-TTT4-1","epithelium vs others",5.77777777777778,0.330712464273217,0.750791394563127
"TRK-TTT4-1","brain vs others",-34.6666666666667,-2.96930839379763,0.0178900282202383
"SNAR-G2","embryo vs blood",30.1,6.18692155177391,1.79421616597422e-06
"SNAR-G2","embryo vs epithelium",17.65,2.91580448441998,0.00783648489415505
"SNAR-G2","embryo vs brain",84.05,23.0702733354418,8.05488394802256e-21
"SNAR-G2","blood vs epithelium",-12.45,-1.69933316774992,0.0979066067154716
"SNAR-G2","blood vs brain",53.95,9.79973894384734,1.95360276281872e-11
"SNAR-G2","epithelium vs brain",66.4,10.093097145154,4.56279251873572e-11
"SNAR-G2","embryo vs others",43.9333333333333,8.92626141691921,2.43139627739462e-13
"SNAR-G2","blood vs others",3.8,0.551085351313839,0.583440400316356
"SNAR-G2","epithelium vs others",20.4,2.69202324324035,0.00973161637939973
"SNAR-G2","brain vs others",-68.1333333333333,-15.7732366569034,8.84948000348245e-22
"tRNA-Asn-GTT-1-1","embryo vs blood",-69.125,-8.26749433035314,5.43616712125369e-07
"tRNA-Asn-GTT-1-1","embryo vs epithelium",0.375,0.465503403790574,0.645071698356
"tRNA-Asn-GTT-1-1","embryo vs brain",1,1.96747750735186,0.0679032519445523
"tRNA-Asn-GTT-1-1","blood vs epithelium",69.5,8.30449117069865,5.00331432101665e-07
"tRNA-Asn-GTT-1-1","blood vs brain",70.125,8.40263621431951,4.67924117410142e-07
"tRNA-Asn-GTT-1-1","epithelium vs brain",0.625,1,0.333170135915476
"tRNA-Asn-GTT-1-1","embryo vs others",-22.5833333333333,-4.07223399080577,0.000174161934498756
"tRNA-Asn-GTT-1-1","blood vs others",69.5833333333333,8.33338613659734,5.11225405158059e-07
"tRNA-Asn-GTT-1-1","epithelium vs others",-23.0833333333333,-4.16261314110823,0.000129197633856358
"tRNA-Asn-GTT-1-1","brain vs others",-23.9166666666667,-4.35251540424148,7.21517471183243e-05
"TRE-TTC2-1","embryo vs blood",0.6,1.5,0.167850656057075
"TRE-TTC2-1","embryo vs epithelium",0.6,1.5,0.167850656057075
"TRE-TTC2-1","embryo vs brain",-2.8,-1.19416528147599,0.261262498598337
"TRE-TTC2-1","blood vs epithelium",0,NA,NA
"TRE-TTC2-1","blood vs brain",-3.4,-1.47163013490314,0.175202837666482
"TRE-TTC2-1","epithelium vs brain",-3.4,-1.47163013490314,0.175202837666482
"TRE-TTC2-1","embryo vs others",-0.533333333333333,-0.5959994219836,0.554736058209794
"TRE-TTC2-1","blood vs others",-1.33333333333333,-1.6609095970748,0.107507019954264
"TRE-TTC2-1","epithelium vs others",-1.33333333333333,-1.6609095970748,0.107507019954264
"TRE-TTC2-1","brain vs others",3.2,1.38256507859066,0.199904621977189
"tRNA-Leu-TAG-3-1","embryo vs blood",0.142857142857143,1,0.335561277865423
"tRNA-Leu-TAG-3-1","embryo vs epithelium",-0.857142857142857,-1.18195385924034,0.256845500542819
"tRNA-Leu-TAG-3-1","embryo vs brain",-0.285714285714286,-0.632455532033676,0.536105063270705
"tRNA-Leu-TAG-3-1","blood vs epithelium",-1,-1.40650661909755,0.183026553166779
"tRNA-Leu-TAG-3-1","blood vs brain",-0.428571428571429,-1,0.335561277865423
"tRNA-Leu-TAG-3-1","epithelium vs brain",0.571428571428571,0.688334293950105,0.498655567418343
"tRNA-Leu-TAG-3-1","embryo vs others",-0.333333333333333,-1.06839939756969,0.290118338394439
"tRNA-Leu-TAG-3-1","blood vs others",-0.523809523809524,-1.87442153494126,0.0680093654650756
"tRNA-Leu-TAG-3-1","epithelium vs others",0.80952380952381,1.11424099976683,0.283724181512617
"tRNA-Leu-TAG-3-1","brain vs others",0.0476190476190476,0.096399365741284,0.924068930362953
"Val-tRNA","embryo vs blood",-57.6666666666667,-15.792068901633,5.18910182696577e-11
"Val-tRNA","embryo vs epithelium",-92.1666666666667,-42.7644984402449,2.06344934822538e-12
"Val-tRNA","embryo vs brain",4.66666666666667,2.61785157202368,0.0472200200544381
"Val-tRNA","blood vs epithelium",-34.5,-10.1192004898172,7.49516939695256e-08
"Val-tRNA","blood vs brain",62.3333333333333,19.5590119327938,6.78760653288652e-10
"Val-tRNA","epithelium vs brain",96.8333333333333,79.9437302106926,1.46091981831835e-16
"Val-tRNA","embryo vs others",-48.3888888888889,-6.8244058928401,3.90804640584727e-08
"Val-tRNA","blood vs others",22.6666666666667,2.44825601347211,0.0194148159447862
"Val-tRNA","epithelium vs others",70.9666666666667,12.2087333262821,1.74079290058808e-13
"Val-tRNA","brain vs others",-64.6,-10.0830036013821,5.46945088011153e-11
"TRA-AGC20-1","embryo vs blood",4.25,2.57260968875712,0.0823062398288389
"TRA-AGC20-1","embryo vs epithelium",2.5,1.73205080756888,0.181690113816209
"TRA-AGC20-1","embryo vs brain",3.75,1,0.391002218955771
"TRA-AGC20-1","blood vs epithelium",-1.75,-0.797724035217466,0.455958572062226
"TRA-AGC20-1","blood vs brain",-0.5,-0.122017775217313,0.908603220502913
"TRA-AGC20-1","epithelium vs brain",1.25,0.311085508419128,0.771769058299873
"TRA-AGC20-1","embryo vs others",3.5,2.63437168279082,0.0232253294892598
"TRA-AGC20-1","blood vs others",-1.75,-0.775652697910774,0.459350900011436
"TRA-AGC20-1","epithelium vs others",0.700000000000003,0.3259439528063,0.751278432076874
"TRA-AGC20-1","brain vs others",-1.05,-0.271337557651647,0.801801203633137
"tRNA-Pro-TGG-3-3","embryo vs blood",-0.384615384615385,-1,0.337049057953584
"tRNA-Pro-TGG-3-3","embryo vs epithelium",-2.15384615384615,-1.85774340664428,0.087902981585433
"tRNA-Pro-TGG-3-3","embryo vs brain",-2.38461538461538,-1.34402045276239,0.20380148748865
"tRNA-Pro-TGG-3-3","blood vs epithelium",-1.76923076923077,-1.44838492909932,0.16863057611822
"tRNA-Pro-TGG-3-3","blood vs brain",-2,-1.10165535637829,0.290403797502689
"tRNA-Pro-TGG-3-3","epithelium vs brain",-0.230769230769231,-0.108881147500428,0.914346960932824
"tRNA-Pro-TGG-3-3","embryo vs others",-1.64102564102564,-2.29918208997069,0.0270837699963305
"tRNA-Pro-TGG-3-3","blood vs others",-1.12820512820513,-1.39815166594708,0.168244609703969
"tRNA-Pro-TGG-3-3","epithelium vs others",1.23076923076923,0.938488425674228,0.359667124250949
"tRNA-Pro-TGG-3-3","brain vs others",1.53846153846154,0.843306920815279,0.41385811835407
"tRNA-Arg-ACG-1-2","embryo vs blood",-2.41666666666667,-1.72999496018849,0.0979067896602525
"tRNA-Arg-ACG-1-2","embryo vs epithelium",-21.5833333333333,-7.08809548251707,7.62568109163574e-06
"tRNA-Arg-ACG-1-2","embryo vs brain",-0.583333333333333,-0.425648294473542,0.674544666984634
"tRNA-Arg-ACG-1-2","blood vs epithelium",-19.1666666666667,-6.2044849718205,2.41021333289099e-05
"tRNA-Arg-ACG-1-2","blood vs brain",1.83333333333333,1.25061676910744,0.224227620208356
"tRNA-Arg-ACG-1-2","epithelium vs brain",21,6.82419225989421,9.37708709815642e-06
"tRNA-Arg-ACG-1-2","embryo vs others",-8.19444444444444,-3.85194027976586,0.00036630654743902
"tRNA-Arg-ACG-1-2","blood vs others",-4.97222222222222,-2.20799276221145,0.0322805935707513
"tRNA-Arg-ACG-1-2","epithelium vs others",20.5833333333333,6.948410203552,1.60564118094404e-05
"tRNA-Arg-ACG-1-2","brain vs others",-7.41666666666667,-3.38902057257369,0.00145006781409695
"TRM-CAT2-1","embryo vs blood",-75.75,-6.2365900440347,0.000428034804798699
"TRM-CAT2-1","embryo vs epithelium",-38.125,-6.9157619606334,0.000223243310634383
"TRM-CAT2-1","embryo vs brain",-2.625,-0.836944750049731,0.429881605370616
"TRM-CAT2-1","blood vs epithelium",37.625,2.82190058933733,0.0185094179814523
"TRM-CAT2-1","blood vs brain",73.125,5.83190749475077,0.000405199686206587
"TRM-CAT2-1","epithelium vs brain",35.5,5.60710096619702,0.000154140615595297
"TRM-CAT2-1","embryo vs others",-38.8333333333333,-5.10538818786572,3.56778080787585e-05
"TRM-CAT2-1","blood vs others",62.1666666666667,4.84447938899586,0.00101043848893449
"TRM-CAT2-1","epithelium vs others",12,1.20082888597499,0.239470372234184
"TRM-CAT2-1","brain vs others",-35.3333333333333,-4.24170163251803,0.00021122378307279
"tRNA-Thr-CGT-6-1","embryo vs blood",-30,-2.40910295779614,0.0393707497478851
"tRNA-Thr-CGT-6-1","embryo vs epithelium",-29.5,-2.97886461210912,0.0277431687710886
"tRNA-Thr-CGT-6-1","embryo vs brain",48.125,5.38482229023842,0.00654099003259176
"tRNA-Thr-CGT-6-1","blood vs epithelium",0.5,0.0472154568235586,0.963178402541568
"tRNA-Thr-CGT-6-1","blood vs brain",78.125,8.0603713815356,2.85263561389866e-05
"tRNA-Thr-CGT-6-1","epithelium vs brain",77.625,12.7711057440207,4.75398920912419e-08
"tRNA-Thr-CGT-6-1","embryo vs others",-3.79166666666666,-0.318837093701317,0.756007484528223
"tRNA-Thr-CGT-6-1","blood vs others",37.45,2.99456061522536,0.00747747741444166
"tRNA-Thr-CGT-6-1","epithelium vs others",36.75,3.5267918696948,0.00158645286098561
"tRNA-Thr-CGT-6-1","brain vs others",-71.925,-12.0578434999133,3.776556024396e-12
"TRA-AGC5-1","embryo vs blood",-10.1666666666667,-1.69379110166155,0.128174266243771
"TRA-AGC5-1","embryo vs epithelium",-64.3333333333333,-4.86515114069266,0.00345552561498785
"TRA-AGC5-1","embryo vs brain",4.83333333333333,1.57973066103825,0.175004867122607
"TRA-AGC5-1","blood vs epithelium",-54.1666666666667,-3.9075033585815,0.0066177470534748
"TRA-AGC5-1","blood vs brain",15,2.90473750965556,0.0336048366735204
"TRA-AGC5-1","epithelium vs brain",69.1666666666667,5.37656792273804,0.00299867914410394
"TRA-AGC5-1","embryo vs others",-23.2222222222222,-2.59444581203006,0.0170922482341876
"TRA-AGC5-1","blood vs others",-9.66666666666667,-0.955826711897048,0.349611245723693
"TRA-AGC5-1","epithelium vs others",62.5555555555556,4.77919758615854,0.00415038229191619
"TRA-AGC5-1","brain vs others",-29.6666666666667,-3.63358790654845,0.00205358765510806
"tRNA-Val-CAC-2-1","embryo vs blood",-83.1547619047619,-15.7270825452726,3.88111166300285e-13
"tRNA-Val-CAC-2-1","embryo vs epithelium",2.48809523809524,0.875616803630185,0.398217484441593
"tRNA-Val-CAC-2-1","embryo vs brain",2.55952380952381,0.882683372708489,0.393310421661737
"tRNA-Val-CAC-2-1","blood vs epithelium",85.6428571428571,18.8313489588754,4.34581160475137e-11
"tRNA-Val-CAC-2-1","blood vs brain",85.7142857142857,18.6967049561549,2.87004053919705e-11
"tRNA-Val-CAC-2-1","epithelium vs brain",0.0714285714285715,0.0670343587577411,0.947111303077033
"tRNA-Val-CAC-2-1","embryo vs others",-26.0357142857143,-3.69217537522681,0.000541900022798414
"tRNA-Val-CAC-2-1","blood vs others",84.9214285714286,18.4879947940626,2.90320350597653e-11
"tRNA-Val-CAC-2-1","epithelium vs others",-30.6964285714286,-4.56515555838913,4.74090805374419e-05
"tRNA-Val-CAC-2-1","brain vs others",-30.7928571428571,-4.56660622165423,4.6065148311113e-05
"tRNA-Lys-CTT-1-2","embryo vs blood",-0.583333333333333,-1,0.338800696196202
"tRNA-Lys-CTT-1-2","embryo vs epithelium",-0.75,-1,0.338800696196202
"tRNA-Lys-CTT-1-2","embryo vs brain",0,NA,NA
"tRNA-Lys-CTT-1-2","blood vs epithelium",-0.166666666666667,-0.175411603861406,0.862457239913349
"tRNA-Lys-CTT-1-2","blood vs brain",0.583333333333333,1,0.338800696196202
"tRNA-Lys-CTT-1-2","epithelium vs brain",0.75,1,0.338800696196202
"tRNA-Lys-CTT-1-2","embryo vs others",-0.444444444444444,-1.42313613392964,0.163549886533155
"tRNA-Lys-CTT-1-2","blood vs others",0.333333333333333,0.52522573143889,0.606978777489879
"tRNA-Lys-CTT-1-2","epithelium vs others",0.555555555555556,0.717034739382075,0.486524681300599
"tRNA-Lys-CTT-1-2","brain vs others",-0.444444444444444,-1.42313613392964,0.163549886533155
"TRI-AAT4-1","embryo vs blood",-70.3035714285714,-10.2220760474232,2.07324746274062e-08
"TRI-AAT4-1","embryo vs epithelium",-94.8035714285714,-39.135135244909,5.203136524375e-23
"TRI-AAT4-1","embryo vs brain",-3.30357142857143,-1.12044415822145,0.27533604737985
"TRI-AAT4-1","blood vs epithelium",-24.5,-3.45683851043789,0.00284118203214666
"TRI-AAT4-1","blood vs brain",67,9.19827791736421,1.50287817690479e-08
"TRI-AAT4-1","epithelium vs brain",91.5,26.8388270694841,1.09251134500729e-21
"TRI-AAT4-1","embryo vs others",-56.1369047619048,-8.94272603278992,5.56314398298136e-12
"TRI-AAT4-1","blood vs others",36.179347826087,3.79290221001204,0.000444431652702873
"TRI-AAT4-1","epithelium vs others",69.2010869565217,11.7984842257485,9.16729316004815e-17
"TRI-AAT4-1","brain vs others",-54.125,-7.84822972225579,1.21892869018367e-10
"TRA-AGC4-1","embryo vs blood",-1.33333333333333,-1,0.363217467649123
"TRA-AGC4-1","embryo vs epithelium",-1.16666666666667,-1,0.363217467649122
"TRA-AGC4-1","embryo vs brain",-4.16666666666667,-1,0.363217467649123
"TRA-AGC4-1","blood vs epithelium",0.166666666666667,0.0940720868383597,0.926942313725559
"TRA-AGC4-1","blood vs brain",-2.83333333333333,-0.647648420095541,0.541134326007408
"TRA-AGC4-1","epithelium vs brain",-3,-0.693334094194211,0.514982028088744
"TRA-AGC4-1","embryo vs others",-2.22222222222222,-1.52576861723233,0.145456453620573
"TRA-AGC4-1","blood vs others",-0.444444444444444,-0.228160943782985,0.822320604191259
"TRA-AGC4-1","epithelium vs others",-0.666666666666667,-0.360754127723934,0.722294337281214
"TRA-AGC4-1","brain vs others",3.33333333333333,0.79253863938589,0.4627175846532
"tRNA-Lys-CTT-2-1","embryo vs blood",-0.916666666666667,-1.34936779035685,0.203551920037025
"tRNA-Lys-CTT-2-1","embryo vs epithelium",-2.5,-1.74855450757666,0.107994121656718
"tRNA-Lys-CTT-2-1","embryo vs brain",-1.75,-1.41261286739226,0.185188972337107
"tRNA-Lys-CTT-2-1","blood vs epithelium",-1.58333333333333,-1.00303567609514,0.33107642304152
"tRNA-Lys-CTT-2-1","blood vs brain",-0.833333333333333,-0.591877074515967,0.561716542815287
"tRNA-Lys-CTT-2-1","epithelium vs brain",0.75,0.397218949160042,0.69511110159477
"tRNA-Lys-CTT-2-1","embryo vs others",-1.72222222222222,-2.5963737074042,0.0135426909891458
"tRNA-Lys-CTT-2-1","blood vs others",-0.5,-0.539132205436055,0.593585640684081
"tRNA-Lys-CTT-2-1","epithelium vs others",1.61111111111111,1.07163796127919,0.302682210018572
"tRNA-Lys-CTT-2-1","brain vs others",0.611111111111111,0.452983498705335,0.656863937993012
"TRI-AAT5-1","embryo vs blood",0.3125,0.447213595499958,0.659081264202042
"TRI-AAT5-1","embryo vs epithelium",0,0,1
"TRI-AAT5-1","embryo vs brain",0.625,1,0.333170135915476
"TRI-AAT5-1","blood vs epithelium",-0.3125,-0.590624423218618,0.559597372579448
"TRI-AAT5-1","blood vs brain",0.3125,1,0.333170135915476
"TRI-AAT5-1","epithelium vs brain",0.625,1.4638501094228,0.163875613655654
"TRI-AAT5-1","embryo vs others",0.3125,0.481172623489802,0.636370781720215
"TRI-AAT5-1","blood vs others",-0.104166666666667,-0.260049801539197,0.796316344430453
"TRI-AAT5-1","epithelium vs others",0.3125,0.643787294942008,0.525720437396964
"TRI-AAT5-1","brain vs others",-0.520833333333333,-1.94374253650825,0.0579272993209113
"tRNA-Thr-TGT-1-1","embryo vs blood",-8.75,-1.68199265966274,0.149095047651411
"tRNA-Thr-TGT-1-1","embryo vs epithelium",-1.25,-0.302613766334401,0.772430830413192
"tRNA-Thr-TGT-1-1","embryo vs brain",1,0.277350098112615,0.792148362755939
"tRNA-Thr-TGT-1-1","blood vs epithelium",7.5,1.46734796413356,0.199665854840353
"tRNA-Thr-TGT-1-1","blood vs brain",9.75,2.07576055210816,0.102176111615436
"tRNA-Thr-TGT-1-1","epithelium vs brain",2.25,0.647834175673825,0.543683696861427
"tRNA-Thr-TGT-1-1","embryo vs others",-3,-0.822051043481326,0.441596517544455
"tRNA-Thr-TGT-1-1","blood vs others",8.66666666666667,1.93530053243756,0.131086022042086
"tRNA-Thr-TGT-1-1","epithelium vs others",-1.33333333333333,-0.375176988457714,0.719006564453053
"tRNA-Thr-TGT-1-1","brain vs others",-4.33333333333333,-1.48192496260847,0.168778648242627
"tRNA-Asp-GTC-1-1","embryo vs blood",1.14285714285714,1,0.335561277865423
"tRNA-Asp-GTC-1-1","embryo vs epithelium",1.14285714285714,1,0.335561277865423
"tRNA-Asp-GTC-1-1","embryo vs brain",-1.31868131868132,-0.63678625416896,0.531118959915371
"tRNA-Asp-GTC-1-1","blood vs epithelium",0,NA,NA
"tRNA-Asp-GTC-1-1","blood vs brain",-2.46153846153846,-1.4253932901996,0.179532640732221
"tRNA-Asp-GTC-1-1","epithelium vs brain",-2.46153846153846,-1.4253932901996,0.179532640732221
"tRNA-Asp-GTC-1-1","embryo vs others",0.362369337979094,0.284475983978874,0.77901630148004
"tRNA-Asp-GTC-1-1","blood vs others",-1.17073170731707,-1.73840032121778,0.0898335069372874
"tRNA-Asp-GTC-1-1","epithelium vs others",-1.17073170731707,-1.73840032121778,0.0898335069372874
"tRNA-Asp-GTC-1-1","brain vs others",2.08058608058608,1.17651056373194,0.260192130208388
"tRNA-Lys-TTT-6-1","embryo vs blood",-89.3333333333333,-22.2561886008023,2.69371445369402e-05
"tRNA-Lys-TTT-6-1","embryo vs epithelium",-43.6666666666667,-4.5226222524262,0.0340680695451338
"tRNA-Lys-TTT-6-1","embryo vs brain",-1,-0.220564386628142,0.837201826752894
"tRNA-Lys-TTT-6-1","blood vs epithelium",45.6666666666667,4.68256360011894,0.0293613630989513
"tRNA-Lys-TTT-6-1","blood vs brain",88.3333333333333,18.6453349353527,6.45270726943524e-05
"tRNA-Lys-TTT-6-1","epithelium vs brain",42.6666666666667,4.27617987059879,0.030917375235968
"tRNA-Lys-TTT-6-1","embryo vs others",-44.6666666666667,-3.34061768812633,0.00919580994269739
"tRNA-Lys-TTT-6-1","blood vs others",74.4444444444444,8.91887664991546,5.55418580261123e-06
"tRNA-Lys-TTT-6-1","epithelium vs others",13.5555555555556,0.772651138681066,0.458295920089938
"tRNA-Lys-TTT-6-1","brain vs others",-43.3333333333333,-3.15830890734235,0.0114816315262115
"TRF-GAA2-1","embryo vs blood",-5.125,-1.81831400066144,0.111844482817157
"TRF-GAA2-1","embryo vs epithelium",-1.125,-1,0.350616662820207
"TRF-GAA2-1","embryo vs brain",0,NA,NA
"TRF-GAA2-1","blood vs epithelium",4,1.31805759051886,0.219440584861073
"TRF-GAA2-1","blood vs brain",5.125,1.81831400066144,0.111844482817157
"TRF-GAA2-1","epithelium vs brain",1.125,1,0.350616662820207
"TRF-GAA2-1","embryo vs others",-2.08333333333333,-1.94727386224754,0.0638124961859361
"TRF-GAA2-1","blood vs others",4.75,1.6705458261482,0.137260919935925
"TRF-GAA2-1","epithelium vs others",-0.583333333333333,-0.382537749144086,0.706205558546192
"TRF-GAA2-1","brain vs others",-2.08333333333333,-1.94727386224754,0.0638124961859361
"TRP-TGG2-1","embryo vs blood",0.416666666666667,0.399043442233811,0.694825467390361
"TRP-TGG2-1","embryo vs epithelium",0.25,0.244874781038912,0.809666231183453
"TRP-TGG2-1","embryo vs brain",0.916666666666667,1,0.338800696196202
"TRP-TGG2-1","blood vs epithelium",-0.166666666666667,-0.247896175780266,0.806539585364353
"TRP-TGG2-1","blood vs brain",0.5,1,0.338800696196202
"TRP-TGG2-1","epithelium vs brain",0.666666666666667,1.48323969741913,0.166086813518296
"TRP-TGG2-1","embryo vs others",0.527777777777778,0.559466885239546,0.585866963380019
"TRP-TGG2-1","blood vs others",-0.0277777777777778,-0.0460747728918334,0.963669409524755
"TRP-TGG2-1","epithelium vs others",0.194444444444444,0.343597131560759,0.734027206178518
"TRP-TGG2-1","brain vs others",-0.694444444444444,-1.88154640218363,0.068235822371574
"TRT-TGT5-1","embryo vs blood",-3.5,-2.04939015319192,0.0957171469709219
"TRT-TGT5-1","embryo vs epithelium",0,NA,NA
"TRT-TGT5-1","embryo vs brain",0,NA,NA
"TRT-TGT5-1","blood vs epithelium",3.5,2.04939015319192,0.0957171469709219
"TRT-TGT5-1","blood vs brain",3.5,2.04939015319192,0.0957171469709219
"TRT-TGT5-1","epithelium vs brain",0,NA,NA
"TRT-TGT5-1","embryo vs others",-1.16666666666667,-1.74679193130781,0.0987141101518982
"TRT-TGT5-1","blood vs others",3.5,2.04939015319192,0.0957171469709219
"TRT-TGT5-1","epithelium vs others",-1.16666666666667,-1.74679193130781,0.0987141101518982
"TRT-TGT5-1","brain vs others",-1.16666666666667,-1.74679193130781,0.0987141101518982
"TRR-TCG1-1","embryo vs blood",0,NA,NA
"TRR-TCG1-1","embryo vs epithelium",-1,-1.45095250022002,0.167383975563317
"TRR-TCG1-1","embryo vs brain",-1.25,-1,0.333170135915476
"TRR-TCG1-1","blood vs epithelium",-1,-1.45095250022002,0.167383975563317
"TRR-TCG1-1","blood vs brain",-1.25,-1,0.333170135915476
"TRR-TCG1-1","epithelium vs brain",-0.25,-0.175142361026015,0.862477751022543
"TRR-TCG1-1","embryo vs others",-0.75,-1.58835223519899,0.118912056301257
"TRR-TCG1-1","blood vs others",-0.75,-1.58835223519899,0.118912056301257
"TRR-TCG1-1","epithelium vs others",0.583333333333333,0.724310201271494,0.475145638212471
"TRR-TCG1-1","brain vs others",0.916666666666667,0.720699774614392,0.481445485356529
"MIR3689A","blood vs epithelium",58.5,6.88235294117647,0.0918574815056737
"MIR3689A","blood vs brain",25,1,0.5
"MIR3689A","epithelium vs brain",-33.5,-1.26867547805842,0.393872452433515
"MIR3689A","blood vs others",40.2,3.5498851167128,0.0238010398981787
"MIR3689A","epithelium vs others",-41.7,-3.070079625998,0.0364812285672297
"MIR3689A","brain vs others",5.2,0.183362494628773,0.874797140307636
"tRNA-Ala-CGC-3-1","embryo vs blood",-2.83333333333333,-3.10847454256311,0.00995251414606587
"tRNA-Ala-CGC-3-1","embryo vs epithelium",-0.833333333333333,-1,0.338800696196202
"tRNA-Ala-CGC-3-1","embryo vs brain",0,NA,NA
"tRNA-Ala-CGC-3-1","blood vs epithelium",2,1.61941858587932,0.119717980006068
"tRNA-Ala-CGC-3-1","blood vs brain",2.83333333333333,3.10847454256311,0.00995251414606587
"tRNA-Ala-CGC-3-1","epithelium vs brain",0.833333333333333,1,0.338800696196202
"tRNA-Ala-CGC-3-1","embryo vs others",-1.22222222222222,-2.73176775478431,0.00980366755496295
"tRNA-Ala-CGC-3-1","blood vs others",2.55555555555556,2.68194531173359,0.0187255881831123
"tRNA-Ala-CGC-3-1","epithelium vs others",-0.111111111111111,-0.121780575111864,0.904626453749293
"tRNA-Ala-CGC-3-1","brain vs others",-1.22222222222222,-2.73176775478431,0.00980366755496295
"TRE-TTC5-1","embryo vs blood",-2,-1.13852346449882,0.270663826093952
"TRE-TTC5-1","embryo vs epithelium",-13,-6.15247439462129,1.84233717005561e-05
"TRE-TTC5-1","embryo vs brain",1.83333333333333,2.17638572047109,0.0521930170151307
"TRE-TTC5-1","blood vs epithelium",-11,-4.44238236988483,0.000226962315949976
"TRE-TTC5-1","blood vs brain",3.83333333333333,2.48673419796067,0.0302101836811583
"TRE-TTC5-1","epithelium vs brain",14.8333333333333,7.65474741819185,9.91128382257863e-06
"TRE-TTC5-1","embryo vs others",-4.38888888888889,-2.78627271042734,0.00775186289933503
"TRE-TTC5-1","blood vs others",-1.72222222222222,-0.851618802329354,0.401649363946751
"TRE-TTC5-1","epithelium vs others",12.9444444444444,6.35544252407256,2.2006726511325e-05
"TRE-TTC5-1","brain vs others",-6.83333333333333,-5.31974278510374,6.09203409265925e-06
"TRV-AAC5-1","embryo vs blood",-26.1428571428571,-3.66403265510214,0.00236555470869653
"TRV-AAC5-1","embryo vs epithelium",-89.6428571428571,-34.072425021568,5.27119629434824e-23
"TRV-AAC5-1","embryo vs brain",0.714285714285714,0.381118612308615,0.708251407224403
"TRV-AAC5-1","blood vs epithelium",-63.5,-8.85259171677365,2.39445310062411e-07
"TRV-AAC5-1","blood vs brain",26.8571428571429,3.87475258338724,0.00187069695646391
"TRV-AAC5-1","epithelium vs brain",90.3571428571429,44.8605861228805,1.32212881852435e-17
"TRV-AAC5-1","embryo vs others",-38.3571428571429,-5.8044230726807,5.38616111133884e-07
"TRV-AAC5-1","blood vs others",-3.5,-0.364129827120438,0.717772324712326
"TRV-AAC5-1","epithelium vs others",81.1666666666667,22.549611413016,6.08751324859472e-29
"TRV-AAC5-1","brain vs others",-39.3095238095238,-6.16504134403622,2.37245922328257e-07
"TRR-ACG2-3","embryo vs blood",0.636363636363636,1.16992097331353,0.269160312808006
"TRR-ACG2-3","embryo vs epithelium",-0.363636363636364,-0.31943828249997,0.753675209550732
"TRR-ACG2-3","embryo vs brain",0.636363636363636,1.16992097331353,0.269160312808006
"TRR-ACG2-3","blood vs epithelium",-1,-1,0.34089313230206
"TRR-ACG2-3","blood vs brain",0,NA,NA
"TRR-ACG2-3","epithelium vs brain",1,1,0.34089313230206
"TRR-ACG2-3","embryo vs others",0.303030303030303,0.475007125160317,0.640456261445321
"TRR-ACG2-3","blood vs others",-0.545454545454545,-1.45610624570222,0.15510541170831
"TRR-ACG2-3","epithelium vs others",0.787878787878788,0.774954996812688,0.455181680348198
"TRR-ACG2-3","brain vs others",-0.545454545454545,-1.45610624570222,0.15510541170831
"TRT-AGT1-2","embryo vs blood",0,NA,NA
"TRT-AGT1-2","embryo vs epithelium",0,NA,NA
"TRT-AGT1-2","embryo vs brain",-3.3,-1,0.343436396137914
"TRT-AGT1-2","blood vs epithelium",0,NA,NA
"TRT-AGT1-2","blood vs brain",-3.3,-1,0.343436396137914
"TRT-AGT1-2","epithelium vs brain",-3.3,-1,0.343436396137914
"TRT-AGT1-2","embryo vs others",-1.1,-1,0.325581988016194
"TRT-AGT1-2","blood vs others",-1.1,-1,0.325581988016194
"TRT-AGT1-2","epithelium vs others",-1.1,-1,0.325581988016194
"TRT-AGT1-2","brain vs others",3.3,1,0.343436396137914
"TRL-TAA4-1","embryo vs blood",-87.5833333333333,-34.7622614123169,1.86833121387751e-20
"TRL-TAA4-1","embryo vs epithelium",-48,-6.43497828041392,3.06238391375903e-05
"TRL-TAA4-1","embryo vs brain",3.83333333333333,1.32599835680216,0.200024864771974
"TRL-TAA4-1","blood vs epithelium",39.5833333333333,5.26611775418145,0.000174168028475437
"TRL-TAA4-1","blood vs brain",91.4166666666667,30.1121257832496,9.21503748970102e-19
"TRL-TAA4-1","epithelium vs brain",51.8333333333333,6.77639012212611,1.16005119490363e-05
"TRL-TAA4-1","embryo vs others",-43.9166666666667,-6.25565651789663,2.32984523018026e-07
"TRL-TAA4-1","blood vs others",72.8611111111111,14.3138540349039,4.39137294473129e-18
"TRL-TAA4-1","epithelium vs others",20.0833333333333,1.95920899828953,0.058519392972426
"TRL-TAA4-1","brain vs others",-49.0277777777778,-7.04290222078848,1.1929123376472e-08
"tRNA-Ala-TGC-3-1","embryo vs blood",-1.625,-1,0.350616662820207
"tRNA-Ala-TGC-3-1","embryo vs epithelium",-1.5,-1,0.350616662820207
"tRNA-Ala-TGC-3-1","embryo vs brain",-2.375,-1.46153846153846,0.187256302136843
"tRNA-Ala-TGC-3-1","blood vs epithelium",0.125,0.0565233418944222,0.955728724368234
"tRNA-Ala-TGC-3-1","blood vs brain",-0.75,-0.326356975932253,0.748981800161081
"tRNA-Ala-TGC-3-1","epithelium vs brain",-0.875,-0.395663393260955,0.698354713209494
"tRNA-Ala-TGC-3-1","embryo vs others",-1.83333333333333,-2.08855667041075,0.048009680120802
"tRNA-Ala-TGC-3-1","blood vs others",0.333333333333333,0.186965417771343,0.85542056144927
"tRNA-Ala-TGC-3-1","epithelium vs others",0.166666666666667,0.0990992739496748,0.922867614925896
"tRNA-Ala-TGC-3-1","brain vs others",1.33333333333333,0.750001990284757,0.470683340728341
"SYT15-AS1","embryo vs blood",25.8906882591093,1.73523991395324,0.104873390683092
"SYT15-AS1","embryo vs epithelium",30.5945241199478,2.03623049336151,0.0607766784100041
"SYT15-AS1","embryo vs brain",33.2884615384615,2.21678976788544,0.0434492625353792
"SYT15-AS1","blood vs epithelium",4.70383586083854,0.804646710347383,0.422423773662705
"SYT15-AS1","blood vs brain",7.39777327935223,1.27026597241362,0.206348009915717
"SYT15-AS1","epithelium vs brain",2.69393741851369,0.442595955102229,0.658937944771102
"SYT15-AS1","embryo vs others",29.1053024645258,1.99380706542254,0.0680930572112268
"SYT15-AS1","blood vs others",2.62606112054329,0.516898883909875,0.605813756714902
"SYT15-AS1","epithelium vs others",-4.40317796610169,-0.835980118244024,0.404854644409566
"SYT15-AS1","brain vs others",-7.75138185168125,-1.48561484017518,0.140396893442324
"TRR-TCG3-1","embryo vs blood",-58.8571428571429,-9.9147111300626,1.98706321054617e-07
"TRR-TCG3-1","embryo vs epithelium",0,NA,NA
"TRR-TCG3-1","embryo vs brain",-5.92857142857143,-1.43720975503691,0.174289373341706
"TRR-TCG3-1","blood vs epithelium",58.8571428571429,9.9147111300626,1.98706321054617e-07
"TRR-TCG3-1","blood vs brain",52.9285714285714,7.32185172283899,1.80501720149255e-07
"TRR-TCG3-1","epithelium vs brain",-5.92857142857143,-1.43720975503691,0.174289373341706
"TRR-TCG3-1","embryo vs others",-21.5952380952381,-4.54277229651094,4.81528272568199e-05
"TRR-TCG3-1","blood vs others",56.8809523809524,9.3223488857537,1.66101320359428e-07
"TRR-TCG3-1","epithelium vs others",-21.5952380952381,-4.54277229651094,4.81528272568199e-05
"TRR-TCG3-1","brain vs others",-13.6904761904762,-2.17785358075937,0.0346857625232274
"TRS-AGA2-6","embryo vs blood",-30.75,-6.11649573861137,6.2870354313338e-07
"TRS-AGA2-6","embryo vs epithelium",-16.625,-4.81173303212028,2.51916904473661e-05
"TRS-AGA2-6","embryo vs brain",0.21875,0.184808060191813,0.854144267433271
"TRS-AGA2-6","blood vs epithelium",14.125,2.38465426887057,0.020624849889048
"TRS-AGA2-6","blood vs brain",30.96875,6.25041897155261,5.36338094791415e-07
"TRS-AGA2-6","epithelium vs brain",16.84375,5.03038641523876,1.69639188255269e-05
"TRS-AGA2-6","embryo vs others",-15.71875,-6.11694493419312,1.2040319738438e-08
"TRS-AGA2-6","blood vs others",25.28125,4.93895867314127,1.78503123709541e-05
"TRS-AGA2-6","epithelium vs others",6.44791666666667,1.61766154458694,0.110822085543797
"TRS-AGA2-6","brain vs others",-16.0104166666667,-6.57353069659041,1.91481087935994e-09
"tRNA-Ser-TGA-2-1","embryo vs blood",-52,-5.6438068957144,4.667868833262e-05
"tRNA-Ser-TGA-2-1","embryo vs epithelium",-97,-70.6916628982478,2.04921865543519e-20
"tRNA-Ser-TGA-2-1","embryo vs brain",-1.9375,-1.78381709272453,0.0976466776148411
"tRNA-Ser-TGA-2-1","blood vs epithelium",-45,-4.83100359371197,0.000195357495433905
"tRNA-Ser-TGA-2-1","blood vs brain",50.0625,5.39639998231665,6.75136438158614e-05
"tRNA-Ser-TGA-2-1","epithelium vs brain",95.0625,54.3904667976119,2.20958468692539e-29
"tRNA-Ser-TGA-2-1","embryo vs others",-52.4157608695652,-8.01516958302278,3.27206440033807e-10
"tRNA-Ser-TGA-2-1","blood vs others",17.6711956521739,1.53940598410742,0.133295259509241
"tRNA-Ser-TGA-2-1","epithelium vs others",78.3233695652174,15.6649455163851,2.98606127940242e-21
"tRNA-Ser-TGA-2-1","brain vs others",-47.7291666666667,-7.20939575400686,2.98191369773812e-09
"lnc-SLCO4A1-8","embryo vs blood",-47.1722972972973,-11.4874421877508,2.37785850929822e-18
"lnc-SLCO4A1-8","embryo vs epithelium",-76.3614864864865,-21.1245812859623,5.35540948654206e-34
"lnc-SLCO4A1-8","embryo vs brain",-23.405303030303,-5.74117585072935,2.3549805386625e-07
"lnc-SLCO4A1-8","blood vs epithelium",-29.1891891891892,-5.41414904635781,2.52506039067373e-07
"lnc-SLCO4A1-8","blood vs brain",23.7669942669943,4.16140566573119,5.54237389838456e-05
"lnc-SLCO4A1-8","epithelium vs brain",52.9561834561835,9.86386061774842,1.41047661552322e-17
"lnc-SLCO4A1-8","embryo vs others",-49.9357476635514,-18.1551011727475,1.05658292726875e-46
"lnc-SLCO4A1-8","blood vs others",10.4605626034197,2.0758668828253,0.0395379096894526
"lnc-SLCO4A1-8","epithelium vs others",50.6701599558742,11.7240790290113,7.98457518620408e-23
"lnc-SLCO4A1-8","brain vs others",-21.4059714795009,-4.3232728710749,2.93200444237556e-05
"tRNA-Ile-AAT-1-1","embryo vs blood",-36.7222222222222,-5.78880757287856,1.82544302033434e-05
"tRNA-Ile-AAT-1-1","embryo vs epithelium",-32.5555555555556,-4.67309624728315,9.06459571257545e-05
"tRNA-Ile-AAT-1-1","embryo vs brain",55.0751633986928,7.84782627787216,3.35868902021698e-08
"tRNA-Ile-AAT-1-1","blood vs epithelium",4.16666666666667,1.31034428174956,0.204691582135687
"tRNA-Ile-AAT-1-1","blood vs brain",91.797385620915,27.896098601335,7.82442546584155e-17
"tRNA-Ile-AAT-1-1","epithelium vs brain",87.6307189542484,20.0406639555874,5.46192820933269e-20
"tRNA-Ile-AAT-1-1","embryo vs others",-5.86268343815514,-0.676006749546947,0.502223208714676
"tRNA-Ile-AAT-1-1","blood vs others",43.3312368972746,7.65157895755987,3.25345982894831e-10
"tRNA-Ile-AAT-1-1","epithelium vs others",37.7494758909853,5.84947937732469,1.51022586369721e-07
"tRNA-Ile-AAT-1-1","brain vs others",-78.1677559912854,-17.353265756115,6.88630024560588e-23
"tRNA-Gln-TTG-3-1","embryo vs blood",-13.1428571428571,-2.37437474241257,0.0551901445271499
"tRNA-Gln-TTG-3-1","embryo vs epithelium",-24,-5.43161477135393,0.00161504113912541
"tRNA-Gln-TTG-3-1","embryo vs brain",-8.85714285714286,-2.39825372878495,0.0534218420092955
"tRNA-Gln-TTG-3-1","blood vs epithelium",-10.8571428571429,-1.53293116269208,0.15247319080072
"tRNA-Gln-TTG-3-1","blood vs brain",4.28571428571428,0.644057654805194,0.533407817985802
"tRNA-Gln-TTG-3-1","epithelium vs brain",15.1428571428571,2.62953637329122,0.0224871779357936
"tRNA-Gln-TTG-3-1","embryo vs others",-15.3333333333333,-5.28700707937218,3.56597655168139e-05
"tRNA-Gln-TTG-3-1","blood vs others",2.19047619047619,0.351363159460682,0.733023258394362
"tRNA-Gln-TTG-3-1","epithelium vs others",16.6666666666667,3.30378386665729,0.0080472279687629
"tRNA-Gln-TTG-3-1","brain vs others",-3.52380952380952,-0.727366261779923,0.477935259608573
"TRQ-CTG6-1","embryo vs blood",-1.16666666666667,-0.920733873088149,0.388956493968413
"TRQ-CTG6-1","embryo vs epithelium",0.666666666666667,1.34839972492648,0.23538747727819
"TRQ-CTG6-1","embryo vs brain",0.666666666666667,1.34839972492648,0.23538747727819
"TRQ-CTG6-1","blood vs epithelium",1.83333333333333,1.57142857142857,0.176885617989054
"TRQ-CTG6-1","blood vs brain",1.83333333333333,1.57142857142857,0.176885617989054
"TRQ-CTG6-1","epithelium vs brain",0,NA,NA
"TRQ-CTG6-1","embryo vs others",0.0555555555555555,0.0855386650451021,0.933147266690307
"TRQ-CTG6-1","blood vs others",1.61111111111111,1.36609130595534,0.227819975245774
"TRQ-CTG6-1","epithelium vs others",-0.833333333333333,-1.90590624965622,0.0737148967735593
"TRQ-CTG6-1","brain vs others",-0.833333333333333,-1.90590624965622,0.0737148967735593
"TRK-TTT7-1","embryo vs blood",-90,-26.983140803851,1.68554305074962e-06
"TRK-TTT7-1","embryo vs epithelium",-70.75,-8.37806283680532,0.00261179677409214
"TRK-TTT7-1","embryo vs brain",2.75,1.61601695268549,0.204508323409557
"TRK-TTT7-1","blood vs epithelium",19.25,2.19880369757331,0.0980506850303231
"TRK-TTT7-1","blood vs brain",92.75,32.3322545385302,6.5023328997516e-05
"TRK-TTT7-1","epithelium vs brain",73.5,8.88600152726237,0.00300536586178099
"TRK-TTT7-1","embryo vs others",-52.6666666666667,-4.22934113859793,0.00130563784078062
"TRK-TTT7-1","blood vs others",67.3333333333333,6.14876725639875,4.24645621930097e-05
"TRK-TTT7-1","epithelium vs others",41.6666666666667,2.69961744713726,0.0176523868816536
"TRK-TTT7-1","brain vs others",-56.3333333333333,-4.70501753091082,0.000644883512602864
"TRT-TGT2-1","embryo vs blood",-60.125,-4.19832942770884,0.00394802390982288
"TRT-TGT2-1","embryo vs epithelium",-58.625,-4.06345181167905,0.00440226788196454
"TRT-TGT2-1","embryo vs brain",34.875,2.42739835497238,0.0448029938512911
"TRT-TGT2-1","blood vs epithelium",1.5,0.653820247492026,0.527320370042146
"TRT-TGT2-1","blood vs brain",95,50.5544479980682,1.26416122681083e-15
"TRT-TGT2-1","epithelium vs brain",93.5,36.4367480734696,1.49889934046271e-14
"TRT-TGT2-1","embryo vs others",-27.9583333333333,-1.64003408698469,0.124135336971465
"TRT-TGT2-1","blood vs others",52.2083333333333,5.59154623294673,9.97242281385636e-06
"TRT-TGT2-1","epithelium vs others",50.2083333333333,5.23031769719897,2.0459654696852e-05
"TRT-TGT2-1","brain vs others",-74.4583333333333,-9.79943106703069,5.009297086786e-10
"TRV-CAC1-5","embryo vs blood",-44.75,-10.5881947016424,2.34373302328725e-08
"TRV-CAC1-5","embryo vs epithelium",-20.0625,-4.7715266451373,0.000247330195803769
"TRV-CAC1-5","embryo vs brain",-0.3125,-1,0.333170135915476
"TRV-CAC1-5","blood vs epithelium",24.6875,4.14104365912406,0.000258800424389647
"TRV-CAC1-5","blood vs brain",44.4375,10.4856308159427,2.39993146389119e-08
"TRV-CAC1-5","epithelium vs brain",19.75,4.68428389422038,0.000285459586516342
"TRV-CAC1-5","embryo vs others",-21.7083333333333,-6.5987171386418,3.32386094229706e-08
"TRV-CAC1-5","blood vs others",37.9583333333333,8.16213237025993,4.70531971383553e-08
"TRV-CAC1-5","epithelium vs others",5.04166666666667,0.936338577671916,0.355394031305102
"TRV-CAC1-5","brain vs others",-21.2916666666667,-6.41815438851448,5.82307067467797e-08
"tRNA-Ala-CGC-1-1","embryo vs blood",-0.5,-1,0.343436396137914
"tRNA-Ala-CGC-1-1","embryo vs epithelium",-0.5,-1,0.343436396137914
"tRNA-Ala-CGC-1-1","embryo vs brain",-2.8,-1.48122579330306,0.172685089629539
"tRNA-Ala-CGC-1-1","blood vs epithelium",0,0,1
"tRNA-Ala-CGC-1-1","blood vs brain",-2.3,-1.17626927863797,0.266075015802218
"tRNA-Ala-CGC-1-1","epithelium vs brain",-2.3,-1.17626927863797,0.266075015802218
"tRNA-Ala-CGC-1-1","embryo vs others",-1.26666666666667,-1.86372133102955,0.0725149539712773
"tRNA-Ala-CGC-1-1","blood vs others",-0.82,-0.871289254280355,0.389893880840872
"tRNA-Ala-CGC-1-1","epithelium vs others",-0.82,-0.871289254280355,0.389893880840872
"tRNA-Ala-CGC-1-1","brain vs others",2.4,1.25621741421651,0.239394883928634
"TRX-CAT1-5","embryo vs blood",0.4,1,0.343436396137914
"TRX-CAT1-5","embryo vs epithelium",0.4,1,0.343436396137914
"TRX-CAT1-5","embryo vs brain",-1,-0.686802819743445,0.507147644163003
"TRX-CAT1-5","blood vs epithelium",0,NA,NA
"TRX-CAT1-5","blood vs brain",-1.4,-1,0.343436396137914
"TRX-CAT1-5","epithelium vs brain",-1.4,-1,0.343436396137914
"TRX-CAT1-5","embryo vs others",-0.0666666666666667,-0.108465228909328,0.914306960884462
"TRX-CAT1-5","blood vs others",-0.6,-1.24766182908729,0.222136130548091
"TRX-CAT1-5","epithelium vs others",-0.6,-1.24766182908729,0.222136130548091
"TRX-CAT1-5","brain vs others",1.26666666666667,0.900686379965957,0.390811312131027
"tRNA-Val-CAC-1-3","embryo vs blood",-48.5,-8.02508314402584,3.4975374980014e-07
"tRNA-Val-CAC-1-3","embryo vs epithelium",-6.77777777777778,-3.69946842638495,0.00177988697039934
"tRNA-Val-CAC-1-3","embryo vs brain",-0.333333333333333,-1,0.331332762038679
"tRNA-Val-CAC-1-3","blood vs epithelium",41.7222222222222,6.6066905484313,1.90948598493425e-06
"tRNA-Val-CAC-1-3","blood vs brain",48.1666666666667,7.95783287423372,3.76158722513715e-07
"tRNA-Val-CAC-1-3","epithelium vs brain",6.44444444444444,3.4607144497369,0.00276702865056645
"tRNA-Val-CAC-1-3","embryo vs others",-18.537037037037,-5.16592365739111,3.69288553544123e-06
"tRNA-Val-CAC-1-3","blood vs others",46.0849056603774,7.56628604258462,6.34308606816789e-07
"tRNA-Val-CAC-1-3","epithelium vs others",-9.80712788259958,-2.34445936867121,0.0219864400894571
"tRNA-Val-CAC-1-3","brain vs others",-18.440251572327,-5.03292232802427,5.94381443030908e-06
"SNAR-G1","embryo vs blood",-25.4583333333333,-3.04333270627875,0.0141566478048988
"SNAR-G1","embryo vs epithelium",-12.875,-1.18472007386013,0.252684517835061
"SNAR-G1","embryo vs brain",33.375,2.4118032205882,0.0269868144683113
"SNAR-G1","blood vs epithelium",12.5833333333333,1.56663189964901,0.139309734155562
"SNAR-G1","blood vs brain",58.8333333333333,5.00992221992377,0.000276483933931402
"SNAR-G1","epithelium vs brain",46.25,3.39092105998085,0.00306025994383683
"SNAR-G1","embryo vs others",-1.65277777777777,-0.164937676295866,0.870921667507444
"SNAR-G1","blood vs others",33.1458333333333,4.68706739561888,3.18967627849483e-05
"SNAR-G1","epithelium vs others",15.84375,1.59084103860208,0.122755496176149
"SNAR-G1","brain vs others",-47.75,-3.965912135255,0.00146935641266236
"tRNA-Arg-TCG-4-1","embryo vs blood",-45,-3.13909350625387,0.00598006433238513
"tRNA-Arg-TCG-4-1","embryo vs epithelium",-62.9,-6.95099531056004,4.10120786054228e-05
"tRNA-Arg-TCG-4-1","embryo vs brain",-47.7,-3.58309174691262,0.00216630412623805
"tRNA-Arg-TCG-4-1","blood vs epithelium",-17.9,-1.56024902862582,0.151147871775534
"tRNA-Arg-TCG-4-1","blood vs brain",-2.7,-0.179222401345059,0.859795868816541
"tRNA-Arg-TCG-4-1","epithelium vs brain",15.2,1.4952346729888,0.166581556235013
"tRNA-Arg-TCG-4-1","embryo vs others",-51.8666666666667,-5.08796614682659,0.000121175046247494
"tRNA-Arg-TCG-4-1","blood vs others",8.13333333333333,0.621741452431372,0.543081053804487
"tRNA-Arg-TCG-4-1","epithelium vs others",32,4.4358729228536,9.47486118872656e-05
"tRNA-Arg-TCG-4-1","brain vs others",11.7333333333333,0.973874708554231,0.343006916067903
"TRC-GCA11-1","embryo vs blood",-97.7142857142857,-48.3661038331598,2.80542792274076e-09
"TRC-GCA11-1","embryo vs epithelium",-75,-6.82297842354637,0.000483663322565549
"TRC-GCA11-1","embryo vs brain",-42.8571428571429,-7.40120567237173,0.000305482811200452
"TRC-GCA11-1","blood vs epithelium",22.7142857142857,2.03367601900819,0.0852824680677717
"TRC-GCA11-1","blood vs brain",54.8571428571429,8.96423411050888,3.07813124022417e-05
"TRC-GCA11-1","epithelium vs brain",32.1428571428571,2.58848780443129,0.0290661819228473
"TRC-GCA11-1","embryo vs others",-71.8571428571428,-11.1914184358249,4.40871079802302e-10
"TRC-GCA11-1","blood vs others",58.4285714285714,7.15842021441181,3.24934405845703e-07
"TRC-GCA11-1","epithelium vs others",28.1428571428571,1.96813443667811,0.0677754763122342
"TRC-GCA11-1","brain vs others",-14.7142857142857,-1.27544359028587,0.213457547578279
"TRD-GTC2-8","embryo vs blood",-2.4375,-1.29831808450041,0.213785721731844
"TRD-GTC2-8","embryo vs epithelium",-3.57142857142857,-1,0.335561277865423
"TRD-GTC2-8","embryo vs brain",0,NA,NA
"TRD-GTC2-8","blood vs epithelium",-1.13392857142857,-0.281035129632405,0.781590072303802
"TRD-GTC2-8","blood vs brain",2.4375,1.29831808450041,0.213785721731844
"TRD-GTC2-8","epithelium vs brain",3.57142857142857,1,0.335561277865423
"TRD-GTC2-8","embryo vs others",-2.17073170731707,-1.54252818812965,0.130820433739182
"TRD-GTC2-8","blood vs others",0.651785714285714,0.25155320363937,0.802763268112673
"TRD-GTC2-8","epithelium vs others",2.27142857142857,0.61192631883482,0.549674720245752
"TRD-GTC2-8","brain vs others",-2.6969696969697,-1.54905645026097,0.131202632792975
"TRA-AGC15-1","embryo vs blood",-94.3,-51.4704049131782,1.70247981423173e-16
"TRA-AGC15-1","embryo vs epithelium",-85.2,-13.1501247460403,9.68064429670921e-08
"TRA-AGC15-1","embryo vs brain",-70.6,-9.62806846829382,2.33146779339371e-06
"TRA-AGC15-1","blood vs epithelium",9.09999999999999,1.44025729004856,0.182604499242012
"TRA-AGC15-1","blood vs brain",23.7,3.29573091235029,0.00898242683664374
"TRA-AGC15-1","epithelium vs brain",14.6,1.53613306619185,0.142190150656298
"TRA-AGC15-1","embryo vs others",-83.3666666666667,-21.2404912117059,2.0925338083803e-22
"TRA-AGC15-1","blood vs others",42.3666666666667,5.56296258732985,4.94187120345022e-06
"TRA-AGC15-1","epithelium vs others",30.2333333333333,3.02000217578076,0.00480725434556268
"TRA-AGC15-1","brain vs others",10.7666666666667,0.992530187175531,0.328555724714438
"tRNA-Ser-GCT-2-1","embryo vs blood",-73.875,-9.83117493813028,6.24865571355271e-08
"tRNA-Ser-GCT-2-1","embryo vs epithelium",-51.9375,-15.402452117368,1.33508806489773e-10
"tRNA-Ser-GCT-2-1","embryo vs brain",-2.35714285714286,-1,0.335561277865423
"tRNA-Ser-GCT-2-1","blood vs epithelium",21.9375,2.66352259010456,0.0146082772071324
"tRNA-Ser-GCT-2-1","blood vs brain",71.5178571428571,9.08118439735172,4.0439670426222e-08
"tRNA-Ser-GCT-2-1","epithelium vs brain",49.5803571428571,12.0510131880575,3.69318877838555e-12
"tRNA-Ser-GCT-2-1","embryo vs others",-44.4782608695652,-8.48745272521599,6.80342298841981e-11
"tRNA-Ser-GCT-2-1","blood vs others",55.0923913043478,6.52355139820087,1.08188520108039e-06
"tRNA-Ser-GCT-2-1","epithelium vs others",25.5244565217391,3.79973873097209,0.000340763183582579
"tRNA-Ser-GCT-2-1","brain vs others",-39.5803571428571,-6.87036178004266,4.43055505609800e-09
"tRNA-Ser","embryo vs blood",-53.4375,-7.88833558512026,9.24828444135552e-07
"tRNA-Ser","embryo vs epithelium",-46.5625,-12.4593089443251,1.42014127238833e-09
"tRNA-Ser","embryo vs brain",-1.375,-0.679625504086486,0.505495059197302
"tRNA-Ser","blood vs epithelium",6.875,0.893858060936028,0.380563966895004
"tRNA-Ser","blood vs brain",52.0625,7.4160310494005,8.58736772608329e-07
"tRNA-Ser","epithelium vs brain",45.1875,10.8452982498029,1.91548183460811e-10
"tRNA-Ser","embryo vs others",-33.7916666666667,-7.8802774458905,3.00049280645743e-10
"tRNA-Ser","blood vs others",37.4583333333333,4.94494433110184,5.1597913415098e-05
"tRNA-Ser","epithelium vs others",28.2916666666667,4.99663360055015,6.85594448160839e-06
"tRNA-Ser","brain vs others",-31.9583333333333,-6.80396439971541,5.28874116133562e-09
"RNU6-9","embryo vs blood",-0.333333333333333,-1,0.334281943394657
"RNU6-9","embryo vs epithelium",-0.933333333333333,-1,0.334281943394657
"RNU6-9","embryo vs brain",-0.6,-1.38169855941551,0.188716492335505
"RNU6-9","blood vs epithelium",-0.6,-0.605405514596681,0.552674382688838
"RNU6-9","blood vs brain",-0.266666666666667,-0.487122300447455,0.630215313377618
"RNU6-9","epithelium vs brain",0.333333333333333,0.323810446885648,0.749478720294295
"RNU6-9","embryo vs others",-0.622222222222222,-1.75609077741532,0.0860318918854115
"RNU6-9","blood vs others",-0.214285714285714,-0.434030849567791,0.666325291663511
"RNU6-9","epithelium vs others",0.6,0.629298952387711,0.538475477617884
"RNU6-9","brain vs others",0.147619047619048,0.264314741538618,0.793160517492136
"TRC-GCA4-1","embryo vs blood",2,1,0.422649730810374
"TRC-GCA4-1","embryo vs epithelium",2,1,0.422649730810374
"TRC-GCA4-1","embryo vs brain",-1.66666666666667,-0.399043442233811,0.715820004377792
"TRC-GCA4-1","blood vs epithelium",0,NA,NA
"TRC-GCA4-1","blood vs brain",-3.66666666666667,-1,0.422649730810374
"TRC-GCA4-1","epithelium vs brain",-3.66666666666667,-1,0.422649730810374
"TRC-GCA4-1","embryo vs others",0.777777777777778,0.331831824197984,0.758204447892223
"TRC-GCA4-1","blood vs others",-1.88888888888889,-1.43420343807263,0.189423240346633
"TRC-GCA4-1","epithelium vs others",-1.88888888888889,-1.43420343807263,0.189423240346633
"TRC-GCA4-1","brain vs others",3,0.804984471899924,0.500689809616104
"TRL-AAG2-4","embryo vs blood",-35.1875,-4.46059022468993,0.00045692290044453
"TRL-AAG2-4","embryo vs epithelium",-0.625,-0.701057056214508,0.493251207345868
"TRL-AAG2-4","embryo vs brain",-2.60714285714286,-1.3379946938979,0.203490392683484
"TRL-AAG2-4","blood vs epithelium",34.5625,4.35566316730896,0.000535482697846398
"TRL-AAG2-4","blood vs brain",32.5803571428571,4.01135552796583,0.000923654292081873
"TRL-AAG2-4","epithelium vs brain",-1.98214285714286,-0.930954373487916,0.364082302290564
"TRL-AAG2-4","embryo vs others",-13.25,-3.62250661488495,0.000735644875922133
"TRL-AAG2-4","blood vs others",34.1766304347826,4.31788093758287,0.00059080996576363
"TRL-AAG2-4","epithelium vs others",-12.4076086956522,-3.29801795052603,0.00180166426436581
"TRL-AAG2-4","brain vs others",-9.33035714285714,-2.31662648371557,0.0239611312007889
"TRA-CGC2-1","embryo vs blood",-79.8,-14.5269771722582,5.09261010692696e-09
"TRA-CGC2-1","embryo vs epithelium",3.3,1.34659607866462,0.199139819962891
"TRA-CGC2-1","embryo vs brain",5.1,2.39267039241719,0.0403802255143721
"TRA-CGC2-1","blood vs epithelium",83.1,15.9647050219659,1.86464866201049e-08
"TRA-CGC2-1","blood vs brain",84.9,16.7692855662424,4.26831994056598e-08
"TRA-CGC2-1","epithelium vs brain",1.8,1.48855818533392,0.170782612446195
"TRA-CGC2-1","embryo vs others",-23.8,-3.0365000434441,0.00463785057587204
"TRA-CGC2-1","blood vs others",82.6,16.0737872087016,3.11184131276925e-08
"TRA-CGC2-1","epithelium vs others",-28.2,-3.74508254161067,0.000751727321374013
"TRA-CGC2-1","brain vs others",-30.6,-4.15753600399786,0.000260418609428417
"RCCD1-AS1","embryo vs blood",0.5,1,0.363217467649123
"RCCD1-AS1","embryo vs epithelium",2.33333333333333,1.55747955821494,0.180090319217976
"RCCD1-AS1","embryo vs brain",1.33333333333333,0.999999999999996,0.363217467649124
"RCCD1-AS1","blood vs epithelium",1.83333333333333,1.1607922952811,0.289128114171118
"RCCD1-AS1","blood vs brain",0.833333333333329,0.58520573598065,0.57851041261719
"RCCD1-AS1","epithelium vs brain",-1,-0.4986168714859,0.628976141343689
"RCCD1-AS1","embryo vs others",1.38888888888889,2.06610325096108,0.054405119391049
"RCCD1-AS1","blood vs others",0.722222222222229,0.864409718390757,0.397589191593579
"RCCD1-AS1","epithelium vs others",-1.72222222222221,-1.09781708621296,0.314407965518736
"RCCD1-AS1","brain vs others",-0.388888888888886,-0.269547601156344,0.795508363900202
"TRG-CCC2-1","embryo vs blood",-1.9375,-1.10983577724278,0.283855904798476
"TRG-CCC2-1","embryo vs epithelium",0.25,1,0.333170135915476
"TRG-CCC2-1","embryo vs brain",0.25,1,0.333170135915476
"TRG-CCC2-1","blood vs epithelium",2.1875,1.26608985153882,0.224791387110327
"TRG-CCC2-1","blood vs brain",2.1875,1.26608985153882,0.224791387110327
"TRG-CCC2-1","epithelium vs brain",0,NA,NA
"TRG-CCC2-1","embryo vs others",-0.479166666666667,-0.755089897964066,0.453170826787764
"TRG-CCC2-1","blood vs others",2.10416666666667,1.2164437571998,0.24252602639258
"TRG-CCC2-1","epithelium vs others",-0.8125,-1.38418803696218,0.17283855430587
"TRG-CCC2-1","brain vs others",-0.8125,-1.38418803696218,0.17283855430587
"TRQ-TTG2-1","embryo vs blood",-59.3333333333333,-3.50125169689648,0.0172613071489469
"TRQ-TTG2-1","embryo vs epithelium",0,NA,NA
"TRQ-TTG2-1","embryo vs brain",-26.1666666666667,-4.85113507876409,0.00466920085458205
"TRQ-TTG2-1","blood vs epithelium",59.3333333333333,3.50125169689648,0.0172613071489469
"TRQ-TTG2-1","blood vs brain",33.1666666666667,1.86496764190771,0.111430623221962
"TRQ-TTG2-1","epithelium vs brain",-26.1666666666667,-4.85113507876409,0.00466920085458205
"TRQ-TTG2-1","embryo vs others",-28.5,-3.51660630289261,0.00264699620432252
"TRQ-TTG2-1","blood vs others",50.6111111111111,2.92701192563153,0.0297616548987803
"TRQ-TTG2-1","epithelium vs others",-28.5,-3.51660630289261,0.00264699620432252
"TRQ-TTG2-1","brain vs others",6.38888888888889,0.628698509630824,0.536128446959778
"tRNA-Val-AAC-3-1","embryo vs blood",-78.9166666666667,-14.8200824421949,1.29393247318244e-08
"tRNA-Val-AAC-3-1","embryo vs epithelium",-10.25,-3.9513292821499,0.00226752078661051
"tRNA-Val-AAC-3-1","embryo vs brain",-2.16666666666667,-1.4380031885184,0.178268445827648
"tRNA-Val-AAC-3-1","blood vs epithelium",68.6666666666667,11.5927835159187,3.52639397486056e-09
"tRNA-Val-AAC-3-1","blood vs brain",76.75,13.8687033634825,4.58761930483982e-09
"tRNA-Val-AAC-3-1","epithelium vs brain",8.08333333333333,2.6945389515364,0.0149921999332606
"tRNA-Val-AAC-3-1","embryo vs others",-30.4444444444444,-4.95247096797132,1.85180398331515e-05
"tRNA-Val-AAC-3-1","blood vs others",74.7777777777778,13.6858153432343,9.24563130073539e-09
"tRNA-Val-AAC-3-1","epithelium vs others",-16.7777777777778,-2.41104851967549,0.020190411410476
"tRNA-Val-AAC-3-1","brain vs others",-27.5555555555556,-4.30246893301759,0.000110552879632297
"tRNA-Ala-TGC-2-1","embryo vs blood",-80.125,-9.08498787121903,3.07566916640169e-07
"tRNA-Ala-TGC-2-1","embryo vs epithelium",4.5,0.717951631695719,0.493676377333466
"tRNA-Ala-TGC-2-1","embryo vs brain",4.125,0.625446933134369,0.546651821898036
"tRNA-Ala-TGC-2-1","blood vs epithelium",84.625,12.9270189183557,1.61399845947586e-06
"tRNA-Ala-TGC-2-1","blood vs brain",84.25,12.2803802763809,5.45167983470345e-07
"tRNA-Ala-TGC-2-1","epithelium vs brain",-0.375,-0.128103565812382,0.900323280773394
"tRNA-Ala-TGC-2-1","embryo vs others",-23.8333333333333,-2.26226186618976,0.0315220381332421
"tRNA-Ala-TGC-2-1","blood vs others",83,12.3059723814393,8.29568437567186e-07
"tRNA-Ala-TGC-2-1","epithelium vs others",-29.8333333333333,-3.41975876209592,0.00221787034696416
"tRNA-Ala-TGC-2-1","brain vs others",-29.3333333333333,-3.27524585753566,0.0029407956982827
"tRNA-Asn-GTT-4-1","embryo vs blood",-93.625,-46.7547011346664,2.77423510537382e-19
"tRNA-Asn-GTT-4-1","embryo vs epithelium",-91.1875,-44.933093901938,5.960505414198e-19
"tRNA-Asn-GTT-4-1","embryo vs brain",-84.8125,-23.1467532290189,1.83960689342717e-13
"tRNA-Asn-GTT-4-1","blood vs epithelium",2.4375,0.880815352602934,0.385421467690447
"tRNA-Asn-GTT-4-1","blood vs brain",8.8125,2.13952581771495,0.0432631230787129
"tRNA-Asn-GTT-4-1","epithelium vs brain",6.375,1.54281225694488,0.136449741277396
"tRNA-Asn-GTT-4-1","embryo vs others",-89.875,-54.2280309417852,3.02781735031447e-49
"tRNA-Asn-GTT-4-1","blood vs others",34.9583333333333,5.37027266535159,1.63380272806361e-06
"tRNA-Asn-GTT-4-1","epithelium vs others",31.7083333333333,4.80074376573536,1.25406622048595e-05
"tRNA-Asn-GTT-4-1","brain vs others",23.2083333333333,3.14591258327056,0.00254330830455391
"tRNA-Ser-CGA-2-1","embryo vs blood",-7.91666666666666,-2.72441368124263,0.0172901676343477
"tRNA-Ser-CGA-2-1","embryo vs epithelium",0.0833333333333428,0.0166601469252738,0.986901107229229
"tRNA-Ser-CGA-2-1","embryo vs brain",41.7777777777778,3.57787073555798,0.00619224838553067
"tRNA-Ser-CGA-2-1","blood vs epithelium",8,1.75660230872825,0.101756289662044
"tRNA-Ser-CGA-2-1","blood vs brain",49.6944444444444,4.32424447973213,0.00235071222591182
"tRNA-Ser-CGA-2-1","epithelium vs brain",41.6944444444444,3.41984104442521,0.00627301025563611
"tRNA-Ser-CGA-2-1","embryo vs others",8.54545454545455,1.53179733755313,0.133444948965926
"tRNA-Ser-CGA-2-1","blood vs others",20.4833333333333,3.81633734906011,0.000561730101878366
"tRNA-Ser-CGA-2-1","epithelium vs others",9.28333333333333,1.3664813453019,0.180055955843975
"tRNA-Ser-CGA-2-1","brain vs others",-44.6262626262626,-3.86277367242212,0.00433238837769321
"tRNA-Asn-GTT-3-2","embryo vs blood",-79,-8.85998134365977,4.15453709633982e-07
"tRNA-Asn-GTT-3-2","embryo vs epithelium",-13.2857142857143,-2.85626816476843,0.0126252670443112
"tRNA-Asn-GTT-3-2","embryo vs brain",1.71428571428571,1,0.355917683749582
"tRNA-Asn-GTT-3-2","blood vs epithelium",65.7142857142857,6.73286138231378,2.07398853549446e-06
"tRNA-Asn-GTT-3-2","blood vs brain",80.7142857142857,9.22433021192365,4.55290910188736e-07
"tRNA-Asn-GTT-3-2","epithelium vs brain",15,3.46901076049094,0.00524911254939641
"tRNA-Asn-GTT-3-2","embryo vs others",-32.7593984962406,-4.66681168584391,3.27749723250046e-05
"tRNA-Asn-GTT-3-2","blood vs others",74.5207373271889,8.28016835432379,7.05339184139137e-07
"tRNA-Asn-GTT-3-2","epithelium vs others",-19.6060606060606,-2.17878388527473,0.0348933130108251
"tRNA-Asn-GTT-3-2","brain vs others",-40.0606060606061,-5.4292353714008,5.69739610540164e-06
"LINC01671","embryo vs blood",36.5521978021978,4.98941911023689,3.20965095133833e-06
"LINC01671","embryo vs epithelium",32.9969604863222,4.24936060112118,5.99447478316178e-05
"LINC01671","embryo vs brain",42.9805194805195,5.72571388423612,2.08438307406104e-07
"LINC01671","blood vs epithelium",-3.55523731587562,-0.408519543202168,0.683810174287996
"LINC01671","blood vs brain",6.42832167832168,0.758699501159005,0.449959133953814
"LINC01671","epithelium vs brain",9.98355899419729,1.12740670040397,0.262601740667536
"LINC01671","embryo vs others",37.3616383616384,6.64676945899691,2.79788718742688e-09
"LINC01671","blood vs others",-9.23473748473749,-1.32514580622044,0.188321026204255
"LINC01671","epithelium vs others",-4.0514861133669,-0.549085703869069,0.584524263636609
"LINC01671","brain vs others",-17.2225237449118,-2.42524491959584,0.0176782344143407
"SNAR-F","embryo vs blood",5.95833333333333,1.02911792588056,0.314244036024877
"SNAR-F","embryo vs epithelium",0.770833333333329,0.205730246444356,0.839849835848356
"SNAR-F","embryo vs brain",5.77083333333333,0.726593775993633,0.475956746140726
"SNAR-F","blood vs epithelium",-5.1875,-0.987149020898506,0.335344757933358
"SNAR-F","blood vs brain",-0.1875,-0.021415354803204,0.983077105778995
"SNAR-F","epithelium vs brain",5,0.661254888665561,0.517167624382981
"SNAR-F","embryo vs others",4.16666666666666,0.963983988055384,0.344341159131412
"SNAR-F","blood vs others",-3.40548780487805,-0.597164272951251,0.555349087787909
"SNAR-F","epithelium vs others",3.8064024390244,0.955496314000642,0.343513497721717
"SNAR-F","brain vs others",-3.14481707317073,-0.413766981754163,0.68401620166886
"BLACE","embryo vs blood",18,1.78506204313513,0.0831774372470614
"BLACE","embryo vs epithelium",33.1710526315789,3.57332191120206,0.00125663929055486
"BLACE","embryo vs brain",31.8166666666667,2.98693517571027,0.0066370077837148
"BLACE","blood vs epithelium",15.1710526315789,1.36606692729298,0.17936473475323
"BLACE","blood vs brain",13.8166666666667,1.12578077369031,0.268297674297962
"BLACE","epithelium vs brain",-1.35438596491228,-0.116515826857861,0.90805064213329
"BLACE","embryo vs others",26.5431034482759,3.56308455073089,0.00126546860769404
"BLACE","blood vs others",6.07608695652173,0.629459546589101,0.532709691010782
"BLACE","epithelium vs others",-15.3426212590299,-1.71593470013513,0.0946485741380247
"BLACE","brain vs others",-12.5030303030303,-1.22309482311227,0.233840193082139
"tRNA-Lys-TTT-5-1","embryo vs blood",-20.5,-2.49610519441516,0.0340789162655842
"tRNA-Lys-TTT-5-1","embryo vs epithelium",-7.5,-2.23606797749979,0.052177242798819
"tRNA-Lys-TTT-5-1","embryo vs brain",-3.9,-1.43055731946737,0.186345230181309
"tRNA-Lys-TTT-5-1","blood vs epithelium",13,1.46539932152894,0.168684649436237
"tRNA-Lys-TTT-5-1","blood vs brain",16.6,1.91830971387635,0.081483771468183
"tRNA-Lys-TTT-5-1","epithelium vs brain",3.6,0.832891124096391,0.416270946609301
"tRNA-Lys-TTT-5-1","embryo vs others",-10.6333333333333,-3.25631235179899,0.00287259848806104
"tRNA-Lys-TTT-5-1","blood vs others",16.7,2.00023537513096,0.0745180281643074
"tRNA-Lys-TTT-5-1","epithelium vs others",-0.633333333333333,-0.135892636319878,0.892935489063506
"tRNA-Lys-TTT-5-1","brain vs others",-5.43333333333333,-1.27898799562753,0.20995983216649
"tRNA-Arg-CCT-2-1","embryo vs blood",-29,-3.93830495284956,0.0539144783564371
"tRNA-Arg-CCT-2-1","embryo vs epithelium",-1.66666666666667,-0.399043442233811,0.723157273014461
"tRNA-Arg-CCT-2-1","embryo vs brain",2.33333333333333,1.9414506867883,0.191709623134524
"tRNA-Arg-CCT-2-1","blood vs epithelium",27.3333333333333,3.29585827133838,0.0435240681383585
"tRNA-Arg-CCT-2-1","blood vs brain",31.3333333333333,4.31301579676656,0.0497776352834454
"tRNA-Arg-CCT-2-1","epithelium vs brain",4,1,0.422649730810374
"tRNA-Arg-CCT-2-1","embryo vs others",-9.44444444444444,-1.68515182137947,0.127368897876311
"tRNA-Arg-CCT-2-1","blood vs others",29.2222222222222,3.95589370719493,0.0522947470920411
"tRNA-Arg-CCT-2-1","epithelium vs others",-7.22222222222222,-1.06589608019802,0.31487546018025
"tRNA-Arg-CCT-2-1","brain vs others",-12.5555555555556,-2.3750032694912,0.0448944456795372
"TRN-GTT2-4","blood vs epithelium",3.53333333333333,0.398356319446749,0.693625842447828
"TRN-GTT2-4","blood vs brain",87.7333333333333,16.4947955959286,1.43925518863293e-10
"TRN-GTT2-4","epithelium vs brain",84.2,11.862348952552,1.08447929315795e-08
"TRN-GTT2-4","blood vs others",32.8202898550725,2.96774248380377,0.00558406989862692
"TRN-GTT2-4","epithelium vs others",26.9826086956522,2.26841220663997,0.0294286446137573
"TRN-GTT2-4","brain vs others",-85.9666666666667,-19.6716132099073,2.57028978029105e-18
