GENE,CHROM,POS,ID,REF,ALT,QUAL,FILTER,INFO,FORMAT
RNU5E-1,chr1,11908155,>582769>582772,C,G,60,.,"AC=2;AF=0.0224719;AN=89;AT=>582769>582770>582772,>582769<582771>582772;LV=0;NS=45",GT
RNU5E-1,chr1,11908159,>582772>582777_1,G,A,60,.,AC=3;AF=0.0337079;INV=0;LEN=1;ORIGIN=chr1:11908159;TYPE=snp,GT
RNU5E-1,chr1,11908160,>582772>582777_2,G,A,60,.,AC=1;AF=0.011236;INV=0;LEN=1;ORIGIN=chr1:11908159;TYPE=snp,GT
RNU5E-1,chr1,11908172,>582777>582782_1,A,G,60,.,AC=1;AF=0.011236;INV=0;LEN=1;ORIGIN=chr1:11908172;TYPE=snp,GT
RNU5E-1,chr1,11908173,>582777>582782_2,T,C,60,.,AC=34;AF=0.382022;INV=0;LEN=1;ORIGIN=chr1:11908172;TYPE=snp,GT
RNU5E-1,chr1,11908178,>582782>582785,T,C,60,.,"AC=3;AF=0.0337079;AN=89;AT=>582782>582783>582785,>582782>582784>582785;LV=0;NS=45",GT
RNU5E-1,chr1,11908190,>582785>582788,C,T,60,.,"AC=1;AF=0.011236;AN=89;AT=>582785>582786>582788,>582785<582787>582788;LV=0;NS=45",GT
RNU5E-1,chr1,11908201,>582788>582791,G,A,60,.,"AC=1;AF=0.011236;AN=89;AT=>582788>582789>582791,>582788>582790>582791;LV=0;NS=45",GT
RNU5E-1,chr1,11908210,>582791>582794,G,A,60,.,"AC=1;AF=0.011236;AN=89;AT=>582791>582792>582794,>582791<582793>582794;LV=0;NS=45",GT
RNU5E-1,chr1,11908215,>582794>582800_1,GA,AG,60,.,AC=2;AF=0.0224719;INV=0;LEN=2;ORIGIN=chr1:11908215;TYPE=mnp,GT
RNU5E-1,chr1,11908216,>582794>582800_2,A,"G,T",60,.,"AC=52,1;AF=0.58427,0.011236;INV=0,0;LEN=1,1;ORIGIN=chr1:11908215,chr1:11908215;TYPE=snp,snp",GT
RNU5E-1,chr1,11908224,>582800>582803,G,A,60,.,"AC=3;AF=0.0337079;AN=89;AT=>582800>582801>582803,>582800>582802>582803;LV=0;NS=45",GT
RNU5E-1,chr1,11908237,>582803>582806,C,T,60,.,"AC=1;AF=0.011236;AN=89;AT=>582803>582804>582806,>582803>582805>582806;LV=0;NS=45",GT
RNU5E-1,chr1,11908240,>582806>582810,T,"A,G",60,.,"AC=1,1;AF=0.011236,0.011236;AN=89;AT=>582806>582807>582810,>582806<582809>582810,>582806<582808>582810;LV=0;NS=45",GT
RNU5E-1,chr1,11908248,>582810>582813,G,A,60,.,"AC=2;AF=0.0224719;AN=89;AT=>582810>582811>582813,>582810>582812>582813;LV=0;NS=45",GT
RNU5E-1,chr1,11908259,>582813>582815,T,TA,60,.,"AC=18;AF=0.202247;AN=89;AT=>582813>582815,>582813>582814>582815;LV=0;NS=45",GT
TRG-CCC5-1,chr1,16727287,>3213201>3213205,C,"G,A",60,.,"AC=48,12;AF=0.8,0.2;AN=60;AT=>3213201>3213204>3213205,>3213201>3213203>3213205,>3213201>3213202>3213205;CONFLICT=HG00673,HG02109,HG02723,HG03098;LV=0;NS=41",GT
TRG-CCC5-1,chr1,16727296,>3213205>3213208,G,T,60,.,"AC=2;AF=0.0333333;AN=60;AT=>3213205>3213206>3213208,>3213205<3213207>3213208;CONFLICT=HG01928,HG02109,HG02257,HG02723,HG02818,HG03098;LV=0;NS=41",GT
TRG-CCC5-1,chr1,16727298,>3213208>3213211,A,G,60,.,"AC=1;AF=0.0166667;AN=60;AT=>3213208>3213209>3213211,>3213208>3213210>3213211;CONFLICT=HG01928,HG02109,HG02723,HG02818,HG03098;LV=0;NS=41",GT
TRG-CCC5-1,chr1,16727302,>3213211>3213214,G,A,60,.,"AC=1;AF=0.0166667;AN=60;AT=>3213211>3213212>3213214,>3213211>3213213>3213214;CONFLICT=HG01928,HG02109,HG02723,HG02818,HG03098;LV=0;NS=41",GT
TRG-CCC5-1,chr1,16727314,>3213214>3213217,C,T,60,.,"AC=13;AF=0.216667;AN=60;AT=>3213214>3213216>3213217,>3213214>3213215>3213217;CONFLICT=HG00673,HG00741,HG02109,HG02723,HG02818,HG03098;LV=0;NS=41",GT
TRG-CCC5-1,chr1,16727323,>3213217>3213220,T,C,60,.,"AC=3;AF=0.05;AN=60;AT=>3213217>3213218>3213220,>3213217<3213219>3213220;CONFLICT=HG01928,HG02109,HG02257,HG02723,HG02818,HG03098;LV=0;NS=41",GT
TRG-CCC5-1,chr1,16727325,>3213220>3213223,G,A,60,.,"AC=4;AF=0.0666667;AN=60;AT=>3213220>3213221>3213223,>3213220>3213222>3213223;CONFLICT=HG01928,HG02109,HG02723,HG02818,HG03098;LV=0;NS=41",GT
TRG-CCC5-1,chr1,16727331,>3213223>3213226,C,T,60,.,"AC=6;AF=0.1;AN=60;AT=>3213223>3213224>3213226,>3213223>3213225>3213226;CONFLICT=HG01928,HG02109,HG02148,HG02257,HG02559,HG02723,HG02818,HG03098;LV=0;NS=41",GT
TRG-CCC5-1,chr1,16727339,>3213226>3213228,A,AC,60,.,"AC=34;AF=0.566667;AN=60;AT=>3213226>3213228,>3213226>3213227>3213228;CONFLICT=HG00673,HG00741,HG01928,HG02055,HG02109,HG02148,HG02572,HG02723,HG02818,HG03098,HG03579;LV=0;NS=41",GT
TRG-CCC5-1,chr1,16727352,>3213228>3213231_1,TG,CA,60,.,AC=1;AF=0.0166667;INV=0;LEN=2;ORIGIN=chr1:16727352;TYPE=mnp,GT
RNU5F-1,chr1,44721787,>965590>965593,G,A,60,.,"AC=2;AF=0.0224719;AN=89;AT=>965590>965592>965593,>965590<965591>965593;LV=0;NS=45",GT
RNU5F-1,chr1,44721789,>965593>965596,C,T,60,.,"AC=1;AF=0.011236;AN=89;AT=>965593>965595>965596,>965593>965594>965596;LV=0;NS=45",GT
RNU5F-1,chr1,44721794,>965596>965599,C,T,60,.,"AC=1;AF=0.011236;AN=89;AT=>965596>965598>965599,>965596>965597>965599;LV=0;NS=45",GT
RNU5F-1,chr1,44721802,>965599>965602,G,T,60,.,"AC=5;AF=0.0561798;AN=89;AT=>965599>965601>965602,>965599>965600>965602;LV=0;NS=45",GT
RNU5F-1,chr1,44721813,>965602>965606_1,A,AA,60,.,AC=5;AF=0.0561798;INV=0;LEN=1;ORIGIN=chr1:44721813;TYPE=ins,GT
RNU5F-1,chr1,44721814,>965602>965606_2,T,C,60,.,AC=3;AF=0.0337079;INV=0;LEN=1;ORIGIN=chr1:44721813;TYPE=snp,GT
RNU5F-1,chr1,44721828,>965606>965609,C,T,60,.,"AC=1;AF=0.011236;AN=89;AT=>965606>965608>965609,>965606>965607>965609;LV=0;NS=45",GT
RNU5F-1,chr1,44721830,>965609>965612,T,C,60,.,"AC=1;AF=0.011236;AN=89;AT=>965609>965611>965612,>965609<965610>965612;LV=0;NS=45",GT
RNU5F-1,chr1,44721832,>965612>965615,G,A,60,.,"AC=5;AF=0.0561798;AN=89;AT=>965612>965614>965615,>965612>965613>965615;LV=0;NS=45",GT
RNU5F-1,chr1,44721838,>965615>965619_1,T,TC,60,.,AC=3;AF=0.0337079;INV=0;LEN=1;ORIGIN=chr1:44721838;TYPE=ins,GT
RNU5F-1,chr1,44721839,>965615>965619_2,T,C,60,.,AC=47;AF=0.52809;INV=0;LEN=1;ORIGIN=chr1:44721838;TYPE=snp,GT
RNU5F-1,chr1,44721841,>965619>965622,C,T,60,.,"AC=1;AF=0.011236;AN=89;AT=>965619>965621>965622,>965619>965620>965622;LV=0;NS=45",GT
RNU5F-1,chr1,44721866,>965622>965627_1,C,T,60,.,AC=1;AF=0.011236;INV=0;LEN=1;ORIGIN=chr1:44721866;TYPE=snp,GT
RNU5F-1,chr1,44721867,>965622>965627_2,G,A,60,.,AC=6;AF=0.0674157;INV=0;LEN=1;ORIGIN=chr1:44721866;TYPE=snp,GT
RNU5F-1,chr1,44721877,>965627>965630,T,C,60,.,"AC=3;AF=0.0337079;AN=89;AT=>965627>965629>965630,>965627>965628>965630;LV=0;NS=45",GT
RNU5F-1,chr1,44721885,>965630>965633,G,A,60,.,"AC=2;AF=0.0224719;AN=89;AT=>965630>965632>965633,>965630>965631>965633;LV=0;NS=45",GT
RNU5F-1,chr1,44721897,>965633>965636,G,C,60,.,"AC=5;AF=0.0561798;AN=89;AT=>965633>965635>965636,>965633>965634>965636;LV=0;NS=45",GT
RNU5F-1,chr1,44721899,>965636>965639,G,A,60,.,"AC=10;AF=0.11236;AN=89;AT=>965636>965638>965639,>965636>965637>965639;LV=0;NS=45",GT
RNU5D-1,chr1,44731070,>965875>965882_1,G,A,60,.,AC=1;AF=0.011236;INV=0;LEN=1;ORIGIN=chr1:44731070;TYPE=snp,GT
RNU5D-1,chr1,44731071,>965875>965882_2,G,A,60,.,AC=1;AF=0.011236;INV=0;LEN=1;ORIGIN=chr1:44731070;TYPE=snp,GT
RNU5D-1,chr1,44731072,>965875>965882_3,G,A,60,.,AC=1;AF=0.011236;INV=0;LEN=1;ORIGIN=chr1:44731070;TYPE=snp,GT
RNU5D-1,chr1,44731076,>965882>965886,C,"A,T",60,.,"AC=1,5;AF=0.011236,0.0561798;AN=89;AT=>965882>965885>965886,>965882>965884>965886,>965882>965883>965886;LV=0;NS=45",GT
RNU5D-1,chr1,44731082,>965886>965891_1,A,G,60,.,AC=20;AF=0.224719;INV=0;LEN=1;ORIGIN=chr1:44731082;TYPE=snp,GT
RNU5D-1,chr1,44731083,>965886>965891_2,T,G,60,.,AC=1;AF=0.011236;INV=0;LEN=1;ORIGIN=chr1:44731082;TYPE=snp,GT
RNU5D-1,chr1,44731098,>965891>965895,A,"C,G",60,.,"AC=1,32;AF=0.011236,0.359551;AN=89;AT=>965891>965894>965895,>965891<965893>965895,>965891>965892>965895;LV=0;NS=45",GT
RNU5D-1,chr1,44731101,>965895>965900_1,C,T,60,.,AC=5;AF=0.0561798;INV=0;LEN=1;ORIGIN=chr1:44731101;TYPE=snp,GT
RNU5D-1,chr1,44731102,>965895>965900_2,G,C,60,.,AC=14;AF=0.157303;INV=0;LEN=1;ORIGIN=chr1:44731101;TYPE=snp,GT
RNU5D-1,chr1,44731105,>965900>965902,T,TA,60,.,"AC=1;AF=0.011236;AN=89;AT=>965900>965902,>965900>965901>965902;LV=0;NS=45",GT
RNU5D-1,chr1,44731107,>965902>965905,C,T,60,.,"AC=5;AF=0.0561798;AN=89;AT=>965902>965904>965905,>965902>965903>965905;LV=0;NS=45",GT
RNU5D-1,chr1,44731116,>965905>965908,G,A,60,.,"AC=1;AF=0.011236;AN=89;AT=>965905>965907>965908,>965905>965906>965908;LV=0;NS=45",GT
RNU5D-1,chr1,44731118,>965908>965911,A,G,60,.,"AC=1;AF=0.011236;AN=89;AT=>965908>965910>965911,>965908>965909>965911;LV=0;NS=45",GT
RNU5D-1,chr1,44731132,>965911>965914,G,A,60,.,"AC=2;AF=0.0224719;AN=89;AT=>965911>965913>965914,>965911>965912>965914;LV=0;NS=45",GT
RNU5D-1,chr1,44731139,>965914>965918,G,"C,A",60,.,"AC=1,2;AF=0.011236,0.0224719;AN=89;AT=>965914>965917>965918,>965914>965916>965918,>965914>965915>965918;LV=0;NS=45",GT
RNU5D-1,chr1,44731156,>965918>965921,G,A,60,.,"AC=1;AF=0.011236;AN=89;AT=>965918>965920>965921,>965918>965919>965921;LV=0;NS=45",GT
RNU5D-1,chr1,44731158,>965921>965923,G,GT,60,.,"AC=5;AF=0.0561798;AN=89;AT=>965921>965923,>965921>965922>965923;LV=0;NS=45",GT
RNU5D-1,chr1,44731165,>965923>965926,G,C,60,.,"AC=20;AF=0.224719;AN=89;AT=>965923>965925>965926,>965923>965924>965926;LV=0;NS=45",GT
